Song,Album,Lyric,Previous Lyric,Next Lyric,Multiplicity
Simmer,Petals for Armor,Rage is a quiet thing,,"Ooh, you think that you've tamed it",1
Simmer,Petals for Armor,"Ooh, you think that you've tamed it",Rage is a quiet thing,But it's just lying in wait,1
Simmer,Petals for Armor,But it's just lying in wait,"Ooh, you think that you've tamed it","Rage, is it in our veins?",1
Simmer,Petals for Armor,"Rage, is it in our veins?",But it's just lying in wait,Feel it in my face when,1
Simmer,Petals for Armor,Feel it in my face when,"Rage, is it in our veins?",When I least expect it,1
Simmer,Petals for Armor,When I least expect it,Feel it in my face when,Give in,1
Simmer,Petals for Armor,Give in,When I least expect it,Control,1
Simmer,Petals for Armor,Control,Give in,There's so many ways to give in,3
Simmer,Petals for Armor,There's so many ways to give in,Control,Eyes closed,6
Simmer,Petals for Armor,Eyes closed,There's so many ways to give in,Another way to make it to ten,6
Simmer,Petals for Armor,Another way to make it to ten,Eyes closed,"Oh, how to draw the line between wrath and mercy?",6
Simmer,Petals for Armor,"Oh, how to draw the line between wrath and mercy?",Another way to make it to ten,"Gotta simmer, simmer, simmer, simmer, simmer down",3
Simmer,Petals for Armor,"Gotta simmer, simmer, simmer, simmer, simmer down","Oh, how to draw the line between wrath and mercy?",Control,2
Simmer,Petals for Armor,Control,"Gotta simmer, simmer, simmer, simmer, simmer down",There's so many ways to give in,2
Simmer,Petals for Armor,"Gotta simmer, simmer, simmer, simmer, simmer down","Oh, how to draw the line between wrath and mercy?",If I had seen my reflection,1
Simmer,Petals for Armor,If I had seen my reflection,"Gotta simmer, simmer, simmer, simmer, simmer down",As something more precious,1
Simmer,Petals for Armor,As something more precious,If I had seen my reflection,He would've never,1
Simmer,Petals for Armor,He would've never,As something more precious,"Mmm, and if my child needed protection",1
Simmer,Petals for Armor,"Mmm, and if my child needed protection",He would've never,From a fucker like that man,1
Simmer,Petals for Armor,From a fucker like that man,"Mmm, and if my child needed protection",I'd sooner gut him,1
Simmer,Petals for Armor,I'd sooner gut him,From a fucker like that man,'Cause nothing cuts like a mother,1
Simmer,Petals for Armor,'Cause nothing cuts like a mother,I'd sooner gut him,Give in,1
Simmer,Petals for Armor,Give in,'Cause nothing cuts like a mother,Control,1
Simmer,Petals for Armor,"Oh, how to draw the line between wrath and mercy?",Another way to make it to ten,"Simmer, simmer, simmer, simmer, simmer down",1
Simmer,Petals for Armor,"Simmer, simmer, simmer, simmer, simmer down","Oh, how to draw the line between wrath and mercy?",Control,1
Simmer,Petals for Armor,Control,"Simmer, simmer, simmer, simmer, simmer down",There's so many ways to give in,1
Simmer,Petals for Armor,"Oh, how to draw the line between wrath and mercy?",Another way to make it to ten,"(Simmer, simmer, simmer, simmer, simmer, simmer)",1
Simmer,Petals for Armor,"(Simmer, simmer, simmer, simmer, simmer, simmer)","Oh, how to draw the line between wrath and mercy?","Gotta simmer, simmer, simmer, simmer, simmer down",1
Simmer,Petals for Armor,"Gotta simmer, simmer, simmer, simmer, simmer down","(Simmer, simmer, simmer, simmer, simmer, simmer)","(Simmer, simmer, simmer, simmer)",1
Simmer,Petals for Armor,"(Simmer, simmer, simmer, simmer)","Gotta simmer, simmer, simmer, simmer, simmer down","(Simmer, simmer, simmer, simmer, simmer)",1
Simmer,Petals for Armor,"(Simmer, simmer, simmer, simmer, simmer)","(Simmer, simmer, simmer, simmer)",Wrap yourself in petals,1
Simmer,Petals for Armor,Wrap yourself in petals,"(Simmer, simmer, simmer, simmer, simmer)",(Yourself),1
Simmer,Petals for Armor,(Yourself),Wrap yourself in petals,Wrap yourself in petals,1
Simmer,Petals for Armor,Wrap yourself in petals,(Yourself),"(Control, yourself)",1
Simmer,Petals for Armor,"(Control, yourself)",Wrap yourself in petals,Wrap yourself in petals for armor,1
Simmer,Petals for Armor,Wrap yourself in petals for armor,"(Control, yourself)","(Control, control)",1
Simmer,Petals for Armor,"(Control, control)",Wrap yourself in petals for armor,"(Simmer, simmer, simmer, simmer, simmer, simmer)",1
Simmer,Petals for Armor,"(Simmer, simmer, simmer, simmer, simmer, simmer)","(Control, control)",Petals,1
Simmer,Petals for Armor,Petals,"(Simmer, simmer, simmer, simmer, simmer, simmer)","(Simmer, simmer, simmer, simmer, simmer)",1
Simmer,Petals for Armor,"(Simmer, simmer, simmer, simmer, simmer)",Petals,For armor,1
Simmer,Petals for Armor,For armor,"(Simmer, simmer, simmer, simmer, simmer)","(Simmer, simmer, simmer, simmer, simmer, simmer)",1
Simmer,Petals for Armor,"(Simmer, simmer, simmer, simmer, simmer, simmer)",For armor,"(Simmer, simmer, simmer)",1
Simmer,Petals for Armor,"(Simmer, simmer, simmer)","(Simmer, simmer, simmer, simmer, simmer, simmer)",Give in,1
Simmer,Petals for Armor,Give in,"(Simmer, simmer, simmer)",Control,1
Simmer,Petals for Armor,"Oh, how to draw the line between wrath and mercy?",Another way to make it to ten,"Gotta simmer, simmer, simmer",1
Simmer,Petals for Armor,"Gotta simmer, simmer, simmer","Oh, how to draw the line between wrath and mercy?",,1
Leave It Alone,Petals for Armor,Don't nobody tell me,,That God don't have a sense of humor,1
Leave It Alone,Petals for Armor,That God don't have a sense of humor,Don't nobody tell me,'Cause now that I want to live,1
Leave It Alone,Petals for Armor,'Cause now that I want to live,That God don't have a sense of humor,"Well, everybody around me is dying",1
Leave It Alone,Petals for Armor,"Well, everybody around me is dying",'Cause now that I want to live,Now that I finally wanna live,1
Leave It Alone,Petals for Armor,Now that I finally wanna live,"Well, everybody around me is dying",The ones I love are dyin',1
Leave It Alone,Petals for Armor,The ones I love are dyin',Now that I finally wanna live,Becoming friends with a noose that I made,1
Leave It Alone,Petals for Armor,Becoming friends with a noose that I made,The ones I love are dyin',And I keep tryin' to untie it,1
Leave It Alone,Petals for Armor,And I keep tryin' to untie it,Becoming friends with a noose that I made,Make it into something useful,1
Leave It Alone,Petals for Armor,Make it into something useful,And I keep tryin' to untie it,Or maybe hang it through a window pane,1
Leave It Alone,Petals for Armor,Or maybe hang it through a window pane,Make it into something useful,Turn it into a fire escape,1
Leave It Alone,Petals for Armor,Turn it into a fire escape,Or maybe hang it through a window pane,It tastes so bitter on my tongue,1
Leave It Alone,Petals for Armor,It tastes so bitter on my tongue,Turn it into a fire escape,The truth's a killer,1
Leave It Alone,Petals for Armor,The truth's a killer,It tastes so bitter on my tongue,But I can't leave it alone,2
Leave It Alone,Petals for Armor,But I can't leave it alone,The truth's a killer,But I can't leave it alone,3
Leave It Alone,Petals for Armor,But I can't leave it alone,But I can't leave it alone,But I can't leave it alone,4
Leave It Alone,Petals for Armor,But I can't leave it alone,But I can't leave it alone,You don't remember my name somedays,1
Leave It Alone,Petals for Armor,You don't remember my name somedays,But I can't leave it alone,Or that we're related,1
Leave It Alone,Petals for Armor,Or that we're related,You don't remember my name somedays,It triggers my worry,1
Leave It Alone,Petals for Armor,It triggers my worry,Or that we're related,Who else am I gonna lose before I am ready?,1
Leave It Alone,Petals for Armor,Who else am I gonna lose before I am ready?,It triggers my worry,And who's gonna lose me?,1
Leave It Alone,Petals for Armor,And who's gonna lose me?,Who else am I gonna lose before I am ready?,It tastes so bitter on my tongue,1
Leave It Alone,Petals for Armor,It tastes so bitter on my tongue,And who's gonna lose me?,The truth's a killer,1
Leave It Alone,Petals for Armor,But I can't leave it alone,But I can't leave it alone,But I can't leave it a-,2
Leave It Alone,Petals for Armor,But I can't leave it a-,But I can't leave it alone,If you know love,1
Leave It Alone,Petals for Armor,If you know love,But I can't leave it a-,You best prepare to grieve,1
Leave It Alone,Petals for Armor,You best prepare to grieve,If you know love,Let it enter your open heart and,1
Leave It Alone,Petals for Armor,Let it enter your open heart and,You best prepare to grieve,Then prepare to let it leave,1
Leave It Alone,Petals for Armor,Then prepare to let it leave,Let it enter your open heart and,It tastes so bitter,1
Leave It Alone,Petals for Armor,It tastes so bitter,Then prepare to let it leave,The truth's a killer,1
Leave It Alone,Petals for Armor,The truth's a killer,It tastes so bitter,But I can't leave it alone,1
Leave It Alone,Petals for Armor,But I can't leave it a-,But I can't leave it alone,But I can't leave it a-,1
Leave It Alone,Petals for Armor,But I can't leave it a-,But I can't leave it a-,,1
Cinnamon,Petals for Armor,"""Cinnamon"" is, according to Hayley, an ode to her home. Throughout this minimalistic track, she sings about the walls around her, her dog Alf, and her everyday routines.",,"Ah, ah-ooh",1
Cinnamon,Petals for Armor,"Ah, ah-ooh","""Cinnamon"" is, according to Hayley, an ode to her home. Throughout this minimalistic track, she sings about the walls around her, her dog Alf, and her everyday routines.","Ooh-ah, ah-ah-ah",1
Cinnamon,Petals for Armor,"Ooh-ah, ah-ah-ah","Ah, ah-ooh","Ah, ah-ooh",1
Cinnamon,Petals for Armor,"Ah, ah-ooh","Ooh-ah, ah-ah-ah","Ooh-ah, ah-ah-ah-ah",1
Cinnamon,Petals for Armor,"Ooh-ah, ah-ah-ah-ah","Ah, ah-ooh",On the walls of my home,1
Cinnamon,Petals for Armor,On the walls of my home,"Ooh-ah, ah-ah-ah-ah",There are signs that I'm alone,1
Cinnamon,Petals for Armor,There are signs that I'm alone,On the walls of my home,I keep on every light,1
Cinnamon,Petals for Armor,I keep on every light,There are signs that I'm alone,"Talk to my dog, he don't mind (Ooh-ooh-ooh)",1
Cinnamon,Petals for Armor,"Talk to my dog, he don't mind (Ooh-ooh-ooh)",I keep on every light,"Ah, ah-ooh",1
Cinnamon,Petals for Armor,"Ah, ah-ooh","Talk to my dog, he don't mind (Ooh-ooh-ooh)","Ooh-ah, ah-ah-ah-ah",1
Cinnamon,Petals for Armor,"Ooh-ah, ah-ah-ah-ah","Ah, ah-ooh","Ah, ah-ooh",1
Cinnamon,Petals for Armor,"Ah, ah-ooh","Ooh-ah, ah-ah-ah-ah","Ooh-ah, ah-ah-ah-ah",1
Cinnamon,Petals for Armor,"Ooh-ah, ah-ah-ah-ah","Ah, ah-ooh",Eat my breakfast in the nude,1
Cinnamon,Petals for Armor,Eat my breakfast in the nude,"Ooh-ah, ah-ah-ah-ah",Lemon water,1
Cinnamon,Petals for Armor,Lemon water,Eat my breakfast in the nude,", living room",1
Cinnamon,Petals for Armor,", living room",Lemon water,Home is where I'm feminine,1
Cinnamon,Petals for Armor,Home is where I'm feminine,", living room",Smells like citrus and cinnamon,1
Cinnamon,Petals for Armor,Smells like citrus and cinnamon,Home is where I'm feminine,"Ah, ah-ooh (Cinnamon, cinnamon)",1
Cinnamon,Petals for Armor,"Ah, ah-ooh (Cinnamon, cinnamon)",Smells like citrus and cinnamon,"Ooh-ah, ah-ah-ah-ah",1
Cinnamon,Petals for Armor,"Ooh-ah, ah-ah-ah-ah","Ah, ah-ooh (Cinnamon, cinnamon)","Ah, ah-ooh (Cinnamon, cinnamon)",3
Cinnamon,Petals for Armor,"Ah, ah-ooh (Cinnamon, cinnamon)","Ooh-ah, ah-ah-ah-ah","Ooh-ah, ah-ah-ah-ah",3
Cinnamon,Petals for Armor,"Ooh-ah, ah-ah-ah-ah","Ah, ah-ooh (Cinnamon, cinnamon)","Ah-ah-ah-ah, ah-ah-ah-ah",1
Cinnamon,Petals for Armor,"Ah-ah-ah-ah, ah-ah-ah-ah","Ooh-ah, ah-ah-ah-ah",I'm not lonely,1
Cinnamon,Petals for Armor,I'm not lonely,"Ah-ah-ah-ah, ah-ah-ah-ah",I am free,1
Cinnamon,Petals for Armor,I am free,I'm not lonely,But if I let you in,1
Cinnamon,Petals for Armor,But if I let you in,I am free,You would never wanna leave,1
Cinnamon,Petals for Armor,You would never wanna leave,But if I let you in,"(If I let you in, if I let you in)",1
Cinnamon,Petals for Armor,"(If I let you in, if I let you in)",You would never wanna leave,If ever I let you in,1
Cinnamon,Petals for Armor,If ever I let you in,"(If I let you in, if I let you in)",Cinnamon,1
Cinnamon,Petals for Armor,Cinnamon,If ever I let you in,"I'm not lonely, baby, I am free",1
Cinnamon,Petals for Armor,"I'm not lonely, baby, I am free",Cinnamon,"Mmm, finally",1
Cinnamon,Petals for Armor,"Mmm, finally","I'm not lonely, baby, I am free","I'm not lonely, babe, I am free",1
Cinnamon,Petals for Armor,"I'm not lonely, babe, I am free","Mmm, finally","Ah, ah-ooh (I'm not lonely, babe; cinnamon, cinnamon)",1
Cinnamon,Petals for Armor,"Ah, ah-ooh (I'm not lonely, babe; cinnamon, cinnamon)","I'm not lonely, babe, I am free","Ooh-ah, ah-ah-ah-ah",1
Cinnamon,Petals for Armor,"Ooh-ah, ah-ah-ah-ah","Ah, ah-ooh (I'm not lonely, babe; cinnamon, cinnamon)","Ah, ah-ooh (I'm not lonely, babe; cinnamon, cinnamon)",1
Cinnamon,Petals for Armor,"Ah, ah-ooh (I'm not lonely, babe; cinnamon, cinnamon)","Ooh-ah, ah-ah-ah-ah","Ooh-ah, ah-ah-ah-ah",1
Cinnamon,Petals for Armor,"Ooh-ah, ah-ah-ah-ah","Ah, ah-ooh (I'm not lonely, babe; cinnamon, cinnamon)","If I let you in, cinnamon",1
Cinnamon,Petals for Armor,"If I let you in, cinnamon","Ooh-ah, ah-ah-ah-ah","If I let you in, cinnamon",1
Cinnamon,Petals for Armor,"If I let you in, cinnamon","If I let you in, cinnamon","Ooh-ah, ah-ah-ah-ah",1
Cinnamon,Petals for Armor,"Ooh-ah, ah-ah-ah-ah","If I let you in, cinnamon",,1
Creepin',Petals for Armor,"Batty pair of eyes, creepin'",,Aiming like a laser pointer,1
Creepin',Petals for Armor,Aiming like a laser pointer,"Batty pair of eyes, creepin'",Poor little vampire baby,1
Creepin',Petals for Armor,Poor little vampire baby,Aiming like a laser pointer,We bleed holy water,1
Creepin',Petals for Armor,We bleed holy water,Poor little vampire baby,So why you creepin' 'round here?,1
Creepin',Petals for Armor,So why you creepin' 'round here?,We bleed holy water,(Why you creepin'? Why you creepin'?),1
Creepin',Petals for Armor,(Why you creepin'? Why you creepin'?),So why you creepin' 'round here?,Why you creepin' 'round?,1
Creepin',Petals for Armor,Why you creepin' 'round?,(Why you creepin'? Why you creepin'?),Strange you're not a threat to me,1
Creepin',Petals for Armor,Strange you're not a threat to me,Why you creepin' 'round?,And I admire your dedication,1
Creepin',Petals for Armor,And I admire your dedication,Strange you're not a threat to me,Poor little vampire,1
Creepin',Petals for Armor,Poor little vampire,And I admire your dedication,Don't you know,1
Creepin',Petals for Armor,Don't you know,Poor little vampire,That I'm a moon in daylight?,1
Creepin',Petals for Armor,That I'm a moon in daylight?,Don't you know,Why you creepin' 'round here?,1
Creepin',Petals for Armor,Why you creepin' 'round here?,That I'm a moon in daylight?,(Why you creepin'? Why you creepin'?),1
Creepin',Petals for Armor,(Why you creepin'? Why you creepin'?),Why you creepin' 'round here?,Why you creepin' 'round here?,1
Creepin',Petals for Armor,Why you creepin' 'round here?,(Why you creepin'? Why you creepin'?),(Why you creepin'? Why you creepin'?),2
Creepin',Petals for Armor,(Why you creepin'? Why you creepin'?),Why you creepin' 'round here?,Why you creepin' 'round?,2
Creepin',Petals for Armor,Why you creepin' 'round?,(Why you creepin'? Why you creepin'?),It always starts as something so simple and innocent but,2
Creepin',Petals for Armor,It always starts as something so simple and innocent but,Why you creepin' 'round?,"Too much of anything, you'll never know how to quit, ah",1
Creepin',Petals for Armor,"Too much of anything, you'll never know how to quit, ah",It always starts as something so simple and innocent but,You had a taste but you don't want to forget it,1
Creepin',Petals for Armor,You had a taste but you don't want to forget it,"Too much of anything, you'll never know how to quit, ah","Oh, just keep on suckin' on the memory of him",1
Creepin',Petals for Armor,"Oh, just keep on suckin' on the memory of him",You had a taste but you don't want to forget it,Creepin',2
Creepin',Petals for Armor,Creepin',"Oh, just keep on suckin' on the memory of him",Creepin' (Why you),1
Creepin',Petals for Armor,Creepin' (Why you),Creepin',Creepin',1
Creepin',Petals for Armor,Creepin',Creepin' (Why you),So why you creepin' 'round here?,1
Creepin',Petals for Armor,So why you creepin' 'round here?,Creepin',(Why you creepin'? Why you creepin'?),1
Creepin',Petals for Armor,(Why you creepin'? Why you creepin'?),So why you creepin' 'round here?,Why you creepin' 'round here?,1
Creepin',Petals for Armor,It always starts as something so simple and innocent but,Why you creepin' 'round?,"Too much of anything you'll never know how to quit, ah",1
Creepin',Petals for Armor,"Too much of anything you'll never know how to quit, ah",It always starts as something so simple and innocent but,You had a taste but you don't want to forget it,1
Creepin',Petals for Armor,You had a taste but you don't want to forget it,"Too much of anything you'll never know how to quit, ah","Oh, just keep on suckin' on the memory of him",1
Creepin',Petals for Armor,Creepin',"Oh, just keep on suckin' on the memory of him",Why you creepin'?,1
Creepin',Petals for Armor,Why you creepin'?,Creepin',Why you creepin'?,1
Creepin',Petals for Armor,Why you creepin'?,Why you creepin'?,So why you creepin' 'round here?,1
Creepin',Petals for Armor,So why you creepin' 'round here?,Why you creepin'?,,1
Sudden Desire,Petals for Armor,"""Sudden Desire"", the closing track to Hayley's first EP, sees her with the urge to connect with someone in a romantic fashion.",,I wanted him to kiss me how,1
Sudden Desire,Petals for Armor,I wanted him to kiss me how,"""Sudden Desire"", the closing track to Hayley's first EP, sees her with the urge to connect with someone in a romantic fashion.",With open mouth and open mouth,1
Sudden Desire,Petals for Armor,With open mouth and open mouth,I wanted him to kiss me how,We keep our distance now,2
Sudden Desire,Petals for Armor,We keep our distance now,With open mouth and open mouth,I wanna feel his hands go down,1
Sudden Desire,Petals for Armor,I wanna feel his hands go down,We keep our distance now,I try not to think about,1
Sudden Desire,Petals for Armor,I try not to think about,I wanna feel his hands go down,What happened last night outside his house,1
Sudden Desire,Petals for Armor,What happened last night outside his house,I try not to think about,Too far to go back now,2
Sudden Desire,Petals for Armor,Too far to go back now,What happened last night outside his house,Just wanna feel his hands go down,2
Sudden Desire,Petals for Armor,Just wanna feel his hands go down,Too far to go back now,Sudden,1
Sudden Desire,Petals for Armor,Sudden,Just wanna feel his hands go down,Sudden desi -,1
Sudden Desire,Petals for Armor,Sudden desi -,Sudden,Sudden,1
Sudden Desire,Petals for Armor,Sudden,Sudden desi -,Sudden desi -,1
Sudden Desire,Petals for Armor,Sudden desi -,Sudden,A sudden desire,1
Sudden Desire,Petals for Armor,A sudden desire,Sudden desi -,Take the elephant by the hand and hold it,1
Sudden Desire,Petals for Armor,Take the elephant by the hand and hold it,A sudden desire,It's cruel to tame a thing that don't know its strength,1
Sudden Desire,Petals for Armor,It's cruel to tame a thing that don't know its strength,Take the elephant by the hand and hold it,But better to walk beside it,1
Sudden Desire,Petals for Armor,But better to walk beside it,It's cruel to tame a thing that don't know its strength,Than underneath,1
Sudden Desire,Petals for Armor,Than underneath,But better to walk beside it,My kind companion,1
Sudden Desire,Petals for Armor,My kind companion,Than underneath,Softened stone,1
Sudden Desire,Petals for Armor,Softened stone,My kind companion,My gentle giant,1
Sudden Desire,Petals for Armor,My gentle giant,Softened stone,Painful reminder,1
Sudden Desire,Petals for Armor,Painful reminder,My gentle giant,Don't look in my eyes (Sudden),1
Sudden Desire,Petals for Armor,Don't look in my eyes (Sudden),Painful reminder,I feel a sudden desire (Sudden desire),1
Sudden Desire,Petals for Armor,I feel a sudden desire (Sudden desire),Don't look in my eyes (Sudden),Don't know if I can deny (Sudden),2
Sudden Desire,Petals for Armor,Don't know if I can deny (Sudden),I feel a sudden desire (Sudden desire),A sudden desire (Sudden desire),2
Sudden Desire,Petals for Armor,A sudden desire (Sudden desire),Don't know if I can deny (Sudden),Your fingerprints on my skin,2
Sudden Desire,Petals for Armor,Your fingerprints on my skin,A sudden desire (Sudden desire),A painful reminder,2
Sudden Desire,Petals for Armor,A painful reminder,Your fingerprints on my skin,Don't look in my eyes (Sudden),2
Sudden Desire,Petals for Armor,Don't look in my eyes (Sudden),A painful reminder,I feel a sudden desire (Sudden desire),2
Sudden Desire,Petals for Armor,I feel a sudden desire (Sudden desire),Don't look in my eyes (Sudden),A sudden desire,2
Sudden Desire,Petals for Armor,A sudden desire,I feel a sudden desire (Sudden desire),"Won't fit in the room, big balloon",1
Sudden Desire,Petals for Armor,"Won't fit in the room, big balloon",A sudden desire,Trails me 'cause I can't let go,1
Sudden Desire,Petals for Armor,Trails me 'cause I can't let go,"Won't fit in the room, big balloon","Everywhere I am, it sticks close like a friend",1
Sudden Desire,Petals for Armor,"Everywhere I am, it sticks close like a friend",Trails me 'cause I can't let go,Just like him,1
Sudden Desire,Petals for Armor,Just like him,"Everywhere I am, it sticks close like a friend",Just like him,1
Sudden Desire,Petals for Armor,Just like him,Just like him,Friendly reminder of a sudden desire,1
Sudden Desire,Petals for Armor,Friendly reminder of a sudden desire,Just like him,Don't look in my eyes (Sudden),1
Sudden Desire,Petals for Armor,Don't look in my eyes (Sudden),Friendly reminder of a sudden desire,I feel a sudden desire (Sudden desire),1
Sudden Desire,Petals for Armor,A sudden desire,I feel a sudden desire (Sudden desire),I wanted him to kiss me how,1
Sudden Desire,Petals for Armor,I wanted him to kiss me how,A sudden desire,With open mouth and open mouth,1
Sudden Desire,Petals for Armor,We keep our distance now,With open mouth and open mouth,I wanna feel his hand go down,1
Sudden Desire,Petals for Armor,I wanna feel his hand go down,We keep our distance now,I try not to think about,1
Sudden Desire,Petals for Armor,I try not to think about,I wanna feel his hand go down,What happened last night outside his house,1
Sudden Desire,Petals for Armor,Just wanna feel his hands go down,Too far to go back now,,1
Dead Horse,Petals for Armor,"Alright, it took me three days to send you this, but",,"Uh, sorry, I was in a depression",1
Dead Horse,Petals for Armor,"Uh, sorry, I was in a depression","Alright, it took me three days to send you this, but",But I'm trying to come out of it now,1
Dead Horse,Petals for Armor,But I'm trying to come out of it now,"Uh, sorry, I was in a depression",Every morning I wake up,1
Dead Horse,Petals for Armor,Every morning I wake up,But I'm trying to come out of it now,"From a dream of you, holding me",1
Dead Horse,Petals for Armor,"From a dream of you, holding me",Every morning I wake up,Underwater,1
Dead Horse,Petals for Armor,Underwater,"From a dream of you, holding me",(Is that a dream or a memory?),1
Dead Horse,Petals for Armor,(Is that a dream or a memory?),Underwater,Held my breath for a decade,1
Dead Horse,Petals for Armor,Held my breath for a decade,(Is that a dream or a memory?),Dyed my hair blue to match my lips,1
Dead Horse,Petals for Armor,Dyed my hair blue to match my lips,Held my breath for a decade,Cool of me to try (Pretty cool I'm still alive),1
Dead Horse,Petals for Armor,Cool of me to try (Pretty cool I'm still alive),Dyed my hair blue to match my lips,"I beat it like a dead horse, I beat it like a drum",1
Dead Horse,Petals for Armor,"I beat it like a dead horse, I beat it like a drum",Cool of me to try (Pretty cool I'm still alive),"Oh, I stayed with you too long",1
Dead Horse,Petals for Armor,"Oh, I stayed with you too long","I beat it like a dead horse, I beat it like a drum","Skipping like a record, but I sang along",3
Dead Horse,Petals for Armor,"Skipping like a record, but I sang along","Oh, I stayed with you too long",To a silly little song,3
Dead Horse,Petals for Armor,To a silly little song,"Skipping like a record, but I sang along","I said I beat it like a dead horse, I beat it like a drum",3
Dead Horse,Petals for Armor,"I said I beat it like a dead horse, I beat it like a drum",To a silly little song,"Oh, I stayed with you too long",3
Dead Horse,Petals for Armor,"Oh, I stayed with you too long","I said I beat it like a dead horse, I beat it like a drum","Skipping like a record, but I sang along",3
Dead Horse,Petals for Armor,"Skipping like a record, but I sang along","Oh, I stayed with you too long",A shitty never-ending song,1
Dead Horse,Petals for Armor,A shitty never-ending song,"Skipping like a record, but I sang along",Sometimes it's good to be the bigger person,1
Dead Horse,Petals for Armor,Sometimes it's good to be the bigger person,A shitty never-ending song,But I'm so small I can't compare,1
Dead Horse,Petals for Armor,But I'm so small I can't compare,Sometimes it's good to be the bigger person,"And after all, it's only fair, yeah",1
Dead Horse,Petals for Armor,"And after all, it's only fair, yeah",But I'm so small I can't compare,"I got what I deserved, I was the other woman first",1
Dead Horse,Petals for Armor,"I got what I deserved, I was the other woman first","And after all, it's only fair, yeah",Other others on the line,1
Dead Horse,Petals for Armor,Other others on the line,"I got what I deserved, I was the other woman first",But I kept trying to make it work,1
Dead Horse,Petals for Armor,But I kept trying to make it work,Other others on the line,"I beat it like a dead horse, I beat it like a drum",1
Dead Horse,Petals for Armor,"I beat it like a dead horse, I beat it like a drum",But I kept trying to make it work,"Oh, I stayed with you too long",1
Dead Horse,Petals for Armor,"Skipping like a record, but I sang along","Oh, I stayed with you too long",To your shitty little song,1
Dead Horse,Petals for Armor,To your shitty little song,"Skipping like a record, but I sang along","Ya-ya-ya-ya, ya-ya-ya-ya",1
Dead Horse,Petals for Armor,"Ya-ya-ya-ya, ya-ya-ya-ya",To your shitty little song,Ya-ya-ya-ya-ya-ya-ya,1
Dead Horse,Petals for Armor,Ya-ya-ya-ya-ya-ya-ya,"Ya-ya-ya-ya, ya-ya-ya-ya","Ya-ya-ya, ya-ya-ya-ya",3
Dead Horse,Petals for Armor,"Ya-ya-ya, ya-ya-ya-ya",Ya-ya-ya-ya-ya-ya-ya,Ya-ya-ya-ya-ya-ya-ya,3
Dead Horse,Petals for Armor,Ya-ya-ya-ya-ya-ya-ya,"Ya-ya-ya, ya-ya-ya-ya","When I said goodbye, I hope you cried",1
Dead Horse,Petals for Armor,"When I said goodbye, I hope you cried",Ya-ya-ya-ya-ya-ya-ya,"When I said goodbye, I hope you cried",1
Dead Horse,Petals for Armor,"When I said goodbye, I hope you cried","When I said goodbye, I hope you cried","When I said goodbye, I hope you cried",2
Dead Horse,Petals for Armor,"When I said goodbye, I hope you cried","When I said goodbye, I hope you cried","I beat it like a dead horse, I beat it like a drum",1
Dead Horse,Petals for Armor,"I beat it like a dead horse, I beat it like a drum","When I said goodbye, I hope you cried","Oh, I stayed with you too long",1
Dead Horse,Petals for Armor,"Skipping like a record, but I sang along","Oh, I stayed with you too long",And now you get another song,1
Dead Horse,Petals for Armor,And now you get another song,"Skipping like a record, but I sang along","Ya-ya-ya-ya, ya-ya-ya-ya",1
Dead Horse,Petals for Armor,"Ya-ya-ya-ya, ya-ya-ya-ya",And now you get another song,Ya-ya-ya-ya-ya-ya-ya,1
Dead Horse,Petals for Armor,Ya-ya-ya-ya-ya-ya-ya,"Ya-ya-ya, ya-ya-ya-ya",(Now you get another song),2
Dead Horse,Petals for Armor,(Now you get another song),Ya-ya-ya-ya-ya-ya-ya,"Ya-ya-ya-ya, ya-ya-ya-ya",1
Dead Horse,Petals for Armor,"Ya-ya-ya-ya, ya-ya-ya-ya",(Now you get another song),Ya-ya-ya-ya-ya-ya-ya,1
Dead Horse,Petals for Armor,(Now you get another song),Ya-ya-ya-ya-ya-ya-ya,,1
My Friend,Petals for Armor,"Mmm, ah",,Little wrinkle by your eye,1
My Friend,Petals for Armor,Little wrinkle by your eye,"Mmm, ah",I never noticed 'til right now,1
My Friend,Petals for Armor,I never noticed 'til right now,Little wrinkle by your eye,Little vicious tiger stripes,1
My Friend,Petals for Armor,Little vicious tiger stripes,I never noticed 'til right now,If you get closer to my thighs,1
My Friend,Petals for Armor,If you get closer to my thighs,Little vicious tiger stripes,When you're walkin' with a limp,1
My Friend,Petals for Armor,When you're walkin' with a limp,If you get closer to my thighs,I can remember wolves at your heels,1
My Friend,Petals for Armor,I can remember wolves at your heels,When you're walkin' with a limp,When my shadow barges in,1
My Friend,Petals for Armor,When my shadow barges in,I can remember wolves at your heels,You never question why she is here,1
My Friend,Petals for Armor,You never question why she is here,When my shadow barges in,"(Eh-eh, eh-eh, eh-eh, eh-eh)",1
My Friend,Petals for Armor,"(Eh-eh, eh-eh, eh-eh, eh-eh)",You never question why she is here,"My friend, when the blood has dried",1
My Friend,Petals for Armor,"My friend, when the blood has dried","(Eh-eh, eh-eh, eh-eh, eh-eh)","My friend, instant alibi",1
My Friend,Petals for Armor,"My friend, instant alibi","My friend, when the blood has dried",You've seen me from every side,2
My Friend,Petals for Armor,You've seen me from every side,"My friend, instant alibi",Still down for the ride,2
My Friend,Petals for Armor,Still down for the ride,You've seen me from every side,"Ooh, my friend, you know why",1
My Friend,Petals for Armor,"Ooh, my friend, you know why",Still down for the ride,Not a secret I can't keep,1
My Friend,Petals for Armor,Not a secret I can't keep,"Ooh, my friend, you know why",All of your good and your evil,1
My Friend,Petals for Armor,All of your good and your evil,Not a secret I can't keep,"Well, babe, you can leave it with me",1
My Friend,Petals for Armor,"Well, babe, you can leave it with me",All of your good and your evil,Safe together,1
My Friend,Petals for Armor,Safe together,"Well, babe, you can leave it with me",If it's wrong or if it's right,1
My Friend,Petals for Armor,If it's wrong or if it's right,Safe together,"I am beside you, famine or fi-ire",1
My Friend,Petals for Armor,"I am beside you, famine or fi-ire",If it's wrong or if it's right,"(I-ire, i-ire, i-ire, i-ire)",1
My Friend,Petals for Armor,"(I-ire, i-ire, i-ire, i-ire)","I am beside you, famine or fi-ire","My friend, when the blood has dried",1
My Friend,Petals for Armor,"My friend, when the blood has dried","(I-ire, i-ire, i-ire, i-ire)","My friend, instant alibi",1
My Friend,Petals for Armor,Still down for the ride,You've seen me from every side,"Ooh, my friend",1
My Friend,Petals for Armor,"Ooh, my friend",Still down for the ride,Who could take your place?,1
My Friend,Petals for Armor,Who could take your place?,"Ooh, my friend",Who could take mine?,1
My Friend,Petals for Armor,Who could take mine?,Who could take your place?,None could take your place,1
My Friend,Petals for Armor,None could take your place,Who could take mine?,None could take mine,1
My Friend,Petals for Armor,None could take mine,None could take your place,"My friend, when the blood has dried",1
My Friend,Petals for Armor,"My friend, when the blood has dried",None could take mine,"My friend (We stay safe together, we stay safe together)",1
My Friend,Petals for Armor,"My friend (We stay safe together, we stay safe together)","My friend, when the blood has dried","Instant alibi (We stay safe together, escape death forever)",1
My Friend,Petals for Armor,"Instant alibi (We stay safe together, escape death forever)","My friend (We stay safe together, we stay safe together)",You've seen me from all sides,1
My Friend,Petals for Armor,You've seen me from all sides,"Instant alibi (We stay safe together, escape death forever)",Still down for the ride,1
My Friend,Petals for Armor,Still down for the ride,You've seen me from all sides,"Ooh, my friend, you know why",1
My Friend,Petals for Armor,"Ooh, my friend, you know why",Still down for the ride,We stay safe together,1
My Friend,Petals for Armor,We stay safe together,"Ooh, my friend, you know why",We stay safe together,1
My Friend,Petals for Armor,We stay safe together,We stay safe together,We stay safe together,2
My Friend,Petals for Armor,We stay safe together,We stay safe together,Escape death forever,2
My Friend,Petals for Armor,Escape death forever,We stay safe together,Escape death forever,2
My Friend,Petals for Armor,Escape death forever,Escape death forever,Escape death forever,1
My Friend,Petals for Armor,Escape death forever,Escape death forever,We stay safe together,2
My Friend,Petals for Armor,We stay safe together,Escape death forever,We stay safe together,1
My Friend,Petals for Armor,We stay safe together,Escape death forever,Escape death forever,1
My Friend,Petals for Armor,Escape death forever,We stay safe together,,1
Over Yet,Petals for Armor,If there's resistance,,If there's resistance,1
Over Yet,Petals for Armor,If there's resistance,If there's resistance,It makes you stronger,3
Over Yet,Petals for Armor,It makes you stronger,If there's resistance,It's not the end,2
Over Yet,Petals for Armor,It's not the end,It makes you stronger,If there's resistance,1
Over Yet,Petals for Armor,If there's resistance,It's not the end,If there's resistance,1
Over Yet,Petals for Armor,It makes you stronger,If there's resistance,Make it your friend,1
Over Yet,Petals for Armor,Make it your friend,It makes you stronger,When there's persistence,1
Over Yet,Petals for Armor,When there's persistence,Make it your friend,When there's persistence,1
Over Yet,Petals for Armor,When there's persistence,When there's persistence,You can go farther,2
Over Yet,Petals for Armor,You can go farther,When there's persistence,Beyond the end,1
Over Yet,Petals for Armor,Beyond the end,You can go farther,If in the distance,1
Over Yet,Petals for Armor,If in the distance,Beyond the end,There's more resistance,1
Over Yet,Petals for Armor,There's more resistance,If in the distance,Try to stay open,1
Over Yet,Petals for Armor,Try to stay open,There's more resistance,Make it your friend,1
Over Yet,Petals for Armor,Make it your friend,Try to stay open,It's the right time,1
Over Yet,Petals for Armor,It's the right time,Make it your friend,To come alive,2
Over Yet,Petals for Armor,To come alive,It's the right time,"Baby, if you wanna try",6
Over Yet,Petals for Armor,"Baby, if you wanna try",To come alive,"To get out of your head, yes",6
Over Yet,Petals for Armor,"To get out of your head, yes","Baby, if you wanna try",Break a sweat,6
Over Yet,Petals for Armor,Break a sweat,"To get out of your head, yes","Baby, tell yourself it ain't over yet",6
Over Yet,Petals for Armor,"Baby, tell yourself it ain't over yet",Break a sweat,It's the right time,4
Over Yet,Petals for Armor,It's the right time,"Baby, tell yourself it ain't over yet",To come alive,3
Over Yet,Petals for Armor,"Baby, tell yourself it ain't over yet",Break a sweat,If there's resistance,1
Over Yet,Petals for Armor,If there's resistance,"Baby, tell yourself it ain't over yet",If there's resistance,1
Over Yet,Petals for Armor,It's not the end,It makes you stronger,When there's persistence,1
Over Yet,Petals for Armor,When there's persistence,It's not the end,When there's persistence,1
Over Yet,Petals for Armor,You can go farther,When there's persistence,Make it your friend,1
Over Yet,Petals for Armor,Make it your friend,You can go farther,It's the right time,1
Over Yet,Petals for Armor,"Baby, tell yourself it ain't over yet",Break a sweat,For every darkened part of me,1
Over Yet,Petals for Armor,For every darkened part of me,"Baby, tell yourself it ain't over yet",For every darkened part of me,1
Over Yet,Petals for Armor,For every darkened part of me,For every darkened part of me,For every darkened part of me,1
Over Yet,Petals for Armor,For every darkened part of me,For every darkened part of me,It's the right time,1
Over Yet,Petals for Armor,It's the right time,For every darkened part of me,To come alive,1
Over Yet,Petals for Armor,It's the right time,"Baby, tell yourself it ain't over yet",To get out of your head,1
Over Yet,Petals for Armor,To get out of your head,It's the right time,,1
Roses/Lotus/Violet/Iris,Petals for Armor,I have seen your body,,And I have seen your beauty,1
Roses/Lotus/Violet/Iris,Petals for Armor,And I have seen your beauty,I have seen your body,They are separate things,1
Roses/Lotus/Violet/Iris,Petals for Armor,They are separate things,And I have seen your beauty,"Pretty, pretty, pretty things",1
Roses/Lotus/Violet/Iris,Petals for Armor,"Pretty, pretty, pretty things",They are separate things,But I am in a garden,1
Roses/Lotus/Violet/Iris,Petals for Armor,But I am in a garden,"Pretty, pretty, pretty things",Tending to my own,1
Roses/Lotus/Violet/Iris,Petals for Armor,Tending to my own,But I am in a garden,So what do I care,1
Roses/Lotus/Violet/Iris,Petals for Armor,So what do I care,Tending to my own,And what do you care if I grow?,1
Roses/Lotus/Violet/Iris,Petals for Armor,And what do you care if I grow?,So what do I care,If I grow,1
Roses/Lotus/Violet/Iris,Petals for Armor,If I grow,And what do you care if I grow?,"Roses, roses, roses, roses, roses",1
Roses/Lotus/Violet/Iris,Petals for Armor,"Roses, roses, roses, roses, roses",If I grow,"(Roses, roses, roses, roses, roses)",1
Roses/Lotus/Violet/Iris,Petals for Armor,"(Roses, roses, roses, roses, roses)","Roses, roses, roses, roses, roses",Show no concern for colors of a violet,3
Roses/Lotus/Violet/Iris,Petals for Armor,Show no concern for colors of a violet,"(Roses, roses, roses, roses, roses)","Lotus, lotus, lotus, lotus, lotus",3
Roses/Lotus/Violet/Iris,Petals for Armor,"Lotus, lotus, lotus, lotus, lotus",Show no concern for colors of a violet,"(Lotus, lotus, lotus, lotus, lotus)",3
Roses/Lotus/Violet/Iris,Petals for Armor,"(Lotus, lotus, lotus, lotus, lotus)","Lotus, lotus, lotus, lotus, lotus",Hopes it won't spark envy in your irises,3
Roses/Lotus/Violet/Iris,Petals for Armor,Hopes it won't spark envy in your irises,"(Lotus, lotus, lotus, lotus, lotus)",Think of all the wilted women,1
Roses/Lotus/Violet/Iris,Petals for Armor,Think of all the wilted women,Hopes it won't spark envy in your irises,Who crane their necks to reach a window,1
Roses/Lotus/Violet/Iris,Petals for Armor,Who crane their necks to reach a window,Think of all the wilted women,Ripping all their petals off just 'cause,1
Roses/Lotus/Violet/Iris,Petals for Armor,Ripping all their petals off just 'cause,Who crane their necks to reach a window,"""He loves me now, he loves me not""",1
Roses/Lotus/Violet/Iris,Petals for Armor,"""He loves me now, he loves me not""",Ripping all their petals off just 'cause,I myself was a wilted woman,1
Roses/Lotus/Violet/Iris,Petals for Armor,I myself was a wilted woman,"""He loves me now, he loves me not""",Drowsy in a dark room,1
Roses/Lotus/Violet/Iris,Petals for Armor,Drowsy in a dark room,I myself was a wilted woman,Forgot my roots,1
Roses/Lotus/Violet/Iris,Petals for Armor,Forgot my roots,Drowsy in a dark room,Now watch me bloom,1
Roses/Lotus/Violet/Iris,Petals for Armor,Now watch me bloom,Forgot my roots,"Roses, roses, roses, roses, roses",1
Roses/Lotus/Violet/Iris,Petals for Armor,"Roses, roses, roses, roses, roses",Now watch me bloom,"(Roses, roses, roses, roses, roses)",1
Roses/Lotus/Violet/Iris,Petals for Armor,Hopes it won't spark envy in your irises,"(Lotus, lotus, lotus, lotus, lotus)",(Irises),1
Roses/Lotus/Violet/Iris,Petals for Armor,(Irises),Hopes it won't spark envy in your irises,And I will not compare,1
Roses/Lotus/Violet/Iris,Petals for Armor,And I will not compare,(Irises),Other beauty to mine,1
Roses/Lotus/Violet/Iris,Petals for Armor,Other beauty to mine,And I will not compare,And I will not become,1
Roses/Lotus/Violet/Iris,Petals for Armor,And I will not become,Other beauty to mine,A thorn in my own side,1
Roses/Lotus/Violet/Iris,Petals for Armor,A thorn in my own side,And I will not become,And I will not return,1
Roses/Lotus/Violet/Iris,Petals for Armor,And I will not return,A thorn in my own side,To where I once was,1
Roses/Lotus/Violet/Iris,Petals for Armor,To where I once was,And I will not return,"Well, I can break through the earth",1
Roses/Lotus/Violet/Iris,Petals for Armor,"Well, I can break through the earth",To where I once was,Come out soft and wild,1
Roses/Lotus/Violet/Iris,Petals for Armor,Come out soft and wild,"Well, I can break through the earth","Roses, roses, roses, roses, roses",1
Roses/Lotus/Violet/Iris,Petals for Armor,"Roses, roses, roses, roses, roses",Come out soft and wild,"(Roses, roses, roses, roses, roses)",1
Roses/Lotus/Violet/Iris,Petals for Armor,Hopes it won't spark envy in your irises,"(Lotus, lotus, lotus, lotus, lotus)","(Roses, roses, roses, roses)",1
Roses/Lotus/Violet/Iris,Petals for Armor,"(Roses, roses, roses, roses)",Hopes it won't spark envy in your irises,"(Roses, roses, roses, roses)",1
Roses/Lotus/Violet/Iris,Petals for Armor,"(Roses, roses, roses, roses)","(Roses, roses, roses, roses)","(Roses, roses, roses, roses)",1
Roses/Lotus/Violet/Iris,Petals for Armor,"(Roses, roses, roses, roses)","(Roses, roses, roses, roses)","(Roses, roses, roses, roses, roses)",1
Roses/Lotus/Violet/Iris,Petals for Armor,"(Roses, roses, roses, roses, roses)","(Roses, roses, roses, roses)",,1
Why We Ever,Petals for Armor,Open your mouth,,Say something warm,1
Why We Ever,Petals for Armor,Say something warm,Open your mouth,I've spent a while,1
Why We Ever,Petals for Armor,I've spent a while,Say something warm,On the stranger side of your door,1
Why We Ever,Petals for Armor,On the stranger side of your door,I've spent a while,How do you sound?,1
Why We Ever,Petals for Armor,How do you sound?,On the stranger side of your door,What do you look like now?,1
Why We Ever,Petals for Armor,What do you look like now?,How do you sound?,I try to replicate our movements in my mind,1
Why We Ever,Petals for Armor,I try to replicate our movements in my mind,What do you look like now?,And now I,1
Why We Ever,Petals for Armor,And now I,I try to replicate our movements in my mind,Can't seem to remember why,1
Why We Ever,Petals for Armor,Can't seem to remember why,And now I,We ever,2
Why We Ever,Petals for Armor,We ever,Can't seem to remember why,Felt we had to say goodbye,2
Why We Ever,Petals for Armor,Felt we had to say goodbye,We ever,I can't seem to remember why,1
Why We Ever,Petals for Armor,I can't seem to remember why,Felt we had to say goodbye,Can't seem to remember why,1
Why We Ever,Petals for Armor,Can't seem to remember why,I can't seem to remember why,Tin-can telephone,1
Why We Ever,Petals for Armor,Tin-can telephone,Can't seem to remember why,From your home to my home,1
Why We Ever,Petals for Armor,From your home to my home,Tin-can telephone,I can't feel your energy no more,1
Why We Ever,Petals for Armor,I can't feel your energy no more,From your home to my home,"No more, no more (No more, no more, no more)",1
Why We Ever,Petals for Armor,"No more, no more (No more, no more, no more)",I can't feel your energy no more,"No more, no more, ha-ah",1
Why We Ever,Petals for Armor,"No more, no more, ha-ah","No more, no more (No more, no more, no more)","No more, no more (No more, no more, no more)",1
Why We Ever,Petals for Armor,"No more, no more (No more, no more, no more)","No more, no more, ha-ah","No more, no more, ha-ah",1
Why We Ever,Petals for Armor,"No more, no more, ha-ah","No more, no more (No more, no more, no more)","No more, no more",1
Why We Ever,Petals for Armor,"No more, no more","No more, no more, ha-ah",And now I,1
Why We Ever,Petals for Armor,And now I,"No more, no more",Can't seem to remember why,1
Why We Ever,Petals for Armor,Felt we had to say goodbye,We ever,Can't seem to remember why,1
Why We Ever,Petals for Armor,Can't seem to remember why,Felt we had to say goodbye,"Darling, we ever",1
Why We Ever,Petals for Armor,"Darling, we ever",Can't seem to remember why,Can't seem to remember why,1
Why We Ever,Petals for Armor,Can't seem to remember why,"Darling, we ever",I spent the weekend at home again,1
Why We Ever,Petals for Armor,I spent the weekend at home again,Can't seem to remember why,Drawing circles on the floor,1
Why We Ever,Petals for Armor,Drawing circles on the floor,I spent the weekend at home again,Tried to keep myself from hurting,1
Why We Ever,Petals for Armor,Tried to keep myself from hurting,Drawing circles on the floor,I don't know why anymore,1
Why We Ever,Petals for Armor,I don't know why anymore,Tried to keep myself from hurting,I just wanna talk about it,1
Why We Ever,Petals for Armor,I just wanna talk about it,I don't know why anymore,I know I freaked you out,1
Why We Ever,Petals for Armor,I know I freaked you out,I just wanna talk about it,I just wanna talk about it,2
Why We Ever,Petals for Armor,I just wanna talk about it,I know I freaked you out,Sorry for freaking out,2
Why We Ever,Petals for Armor,Sorry for freaking out,I just wanna talk about it,I just wanna talk about it,2
Why We Ever,Petals for Armor,I just wanna talk about it,Sorry for freaking out,I know I freaked you out,1
Why We Ever,Petals for Armor,Sorry for freaking out,I just wanna talk about it,Sorry for freaking out,1
Why We Ever,Petals for Armor,Sorry for freaking out,Sorry for freaking out,I just wanna talk about it,1
Why We Ever,Petals for Armor,I just wanna talk about it,Sorry for freaking out,Sorry for freaking out,2
Why We Ever,Petals for Armor,Sorry for freaking out,I just wanna talk about it,,1
Pure Love,Petals for Armor,Huh,,The opposite,1
Pure Love,Petals for Armor,The opposite,Huh,The opposite of love is fear,1
Pure Love,Petals for Armor,The opposite of love is fear,The opposite,I'm still trying to get (Hm),1
Pure Love,Petals for Armor,I'm still trying to get (Hm),The opposite of love is fear,Used to how the former feels,1
Pure Love,Petals for Armor,Used to how the former feels,I'm still trying to get (Hm),'Cause it feels so new,1
Pure Love,Petals for Armor,'Cause it feels so new,Used to how the former feels,You think you know me,1
Pure Love,Petals for Armor,You think you know me,'Cause it feels so new,Wait 'til I open up to you,1
Pure Love,Petals for Armor,Wait 'til I open up to you,You think you know me,If I want pure love,1
Pure Love,Petals for Armor,If I want pure love,Wait 'til I open up to you,Must stop acting so tough,1
Pure Love,Petals for Armor,Must stop acting so tough,If I want pure love,"(I give a little, you give a little",3
Pure Love,Petals for Armor,"(I give a little, you give a little",Must stop acting so tough,We get a little sentimental),3
Pure Love,Petals for Armor,We get a little sentimental),"(I give a little, you give a little",If I want your love,3
Pure Love,Petals for Armor,If I want your love,We get a little sentimental),"Ooh, got to open up",3
Pure Love,Petals for Armor,"Ooh, got to open up",If I want your love,"(I give a little, you give a little",3
Pure Love,Petals for Armor,"(I give a little, you give a little","Ooh, got to open up",We get a little sentimental),2
Pure Love,Petals for Armor,We get a little sentimental),"(I give a little, you give a little",A deeper way,1
Pure Love,Petals for Armor,A deeper way,We get a little sentimental),A deeper way to understand,1
Pure Love,Petals for Armor,A deeper way to understand,A deeper way,To understand the line between,1
Pure Love,Petals for Armor,To understand the line between,A deeper way to understand,"Who you are and who I am, baby",1
Pure Love,Petals for Armor,"Who you are and who I am, baby",To understand the line between,"'Cause to let you in (I want your love, I want your love now)",1
Pure Love,Petals for Armor,"'Cause to let you in (I want your love, I want your love now)","Who you are and who I am, baby",Is true compromise (I want your love),1
Pure Love,Petals for Armor,Is true compromise (I want your love),"'Cause to let you in (I want your love, I want your love now)",Not just the friction of our skin (I want your love now),1
Pure Love,Petals for Armor,Not just the friction of our skin (I want your love now),Is true compromise (I want your love),If I want pure love,1
Pure Love,Petals for Armor,If I want pure love,Not just the friction of our skin (I want your love now),Must stop acting so tough,1
Pure Love,Petals for Armor,"(I give a little, you give a little","Ooh, got to open up",We get a little experimental,1
Pure Love,Petals for Armor,We get a little experimental,"(I give a little, you give a little",),1
Pure Love,Petals for Armor,),We get a little experimental,"I guess, I guess (I guess, I guess)",1
Pure Love,Petals for Armor,"I guess, I guess (I guess, I guess)",),"I could, I guess (I could, I guess)",1
Pure Love,Petals for Armor,"I could, I guess (I could, I guess)","I guess, I guess (I guess, I guess)",Guess I oughta clean up these bloody fists if it's alright,1
Pure Love,Petals for Armor,Guess I oughta clean up these bloody fists if it's alright,"I could, I guess (I could, I guess)","And yes, I guess (And yes, I guess)",1
Pure Love,Petals for Armor,"And yes, I guess (And yes, I guess)",Guess I oughta clean up these bloody fists if it's alright,It's for the best (It's for the best),1
Pure Love,Petals for Armor,It's for the best (It's for the best),"And yes, I guess (And yes, I guess)",Guess you really gotta call your own bluff if you want pure love,1
Pure Love,Petals for Armor,Guess you really gotta call your own bluff if you want pure love,It's for the best (It's for the best),(If I want pure love),1
Pure Love,Petals for Armor,(If I want pure love),Guess you really gotta call your own bluff if you want pure love,If I want pure love,1
Pure Love,Petals for Armor,If I want pure love,(If I want pure love),Must stop acting so tough,1
Pure Love,Petals for Armor,We get a little sentimental),"(I give a little, you give a little","If I want your love, ooh",1
Pure Love,Petals for Armor,"If I want your love, ooh",We get a little sentimental),(If I want your love),1
Pure Love,Petals for Armor,(If I want your love),"If I want your love, ooh","(I want your love, I want your love",1
Pure Love,Petals for Armor,"(I want your love, I want your love",(If I want your love),"I want your love, I want your love now)",2
Pure Love,Petals for Armor,"I want your love, I want your love now)","(I want your love, I want your love","(I want your love, I want your love",1
Pure Love,Petals for Armor,"(I want your love, I want your love","I want your love, I want your love now)","I want your love, I want your love now)",1
Pure Love,Petals for Armor,"I want your love, I want your love now)","(I want your love, I want your love","(I give a little, you give a little",2
Pure Love,Petals for Armor,"(I give a little, you give a little","I want your love, I want your love now)",We get a little sentimental),2
Pure Love,Petals for Armor,We get a little sentimental),"(I give a little, you give a little",And if I want your love,1
Pure Love,Petals for Armor,And if I want your love,We get a little sentimental),(If I want your love),1
Pure Love,Petals for Armor,(If I want your love),And if I want your love,"(I want your love, I want your love",1
Pure Love,Petals for Armor,We get a little sentimental),"(I give a little, you give a little",,1
Taken,Petals for Armor,"In ""Taken,"" Hayley sends a message to everyone who's looking to date her saying she's unavailable as she's dating someone else.",,My feet won't touch the ground beneath me,1
Taken,Petals for Armor,My feet won't touch the ground beneath me,"In ""Taken,"" Hayley sends a message to everyone who's looking to date her saying she's unavailable as she's dating someone else.",I'm flying but I'm not afraid to fall,1
Taken,Petals for Armor,I'm flying but I'm not afraid to fall,My feet won't touch the ground beneath me,I wear my pretty dress with big-ass sneakers,1
Taken,Petals for Armor,I wear my pretty dress with big-ass sneakers,I'm flying but I'm not afraid to fall,But we don't gotta go nowhere at all,1
Taken,Petals for Armor,But we don't gotta go nowhere at all,I wear my pretty dress with big-ass sneakers,"If anybody asks, yeah",1
Taken,Petals for Armor,"If anybody asks, yeah",But we don't gotta go nowhere at all,I'm taken,1
Taken,Petals for Armor,I'm taken,"If anybody asks, yeah",If anybody wants to know,6
Taken,Petals for Armor,If anybody wants to know,I'm taken,He is too,6
Taken,Petals for Armor,He is too,If anybody wants to know,"If anybody asks, yeah",3
Taken,Petals for Armor,"If anybody asks, yeah",He is too,I'm taken,3
Taken,Petals for Armor,He is too,If anybody wants to know,Ba-ba-ba-ba,2
Taken,Petals for Armor,Ba-ba-ba-ba,He is too,"Ba-ba, uh-uh",2
Taken,Petals for Armor,"Ba-ba, uh-uh",Ba-ba-ba-ba,"Uh-uh, uh-uh",1
Taken,Petals for Armor,"Uh-uh, uh-uh","Ba-ba, uh-uh",Uh-uh-uh,1
Taken,Petals for Armor,Uh-uh-uh,"Uh-uh, uh-uh","Uh-uh, uh-uh",1
Taken,Petals for Armor,"Uh-uh, uh-uh",Uh-uh-uh,Uh-uh,1
Taken,Petals for Armor,Uh-uh,"Uh-uh, uh-uh",It's easy to see how people stop believing,1
Taken,Petals for Armor,It's easy to see how people stop believing,Uh-uh,'Cause everyone I know's got a broken heart,1
Taken,Petals for Armor,'Cause everyone I know's got a broken heart,It's easy to see how people stop believing,And though I'm still picking up my pieces,1
Taken,Petals for Armor,And though I'm still picking up my pieces,'Cause everyone I know's got a broken heart,He makes me wanna give it another shot,1
Taken,Petals for Armor,He makes me wanna give it another shot,And though I'm still picking up my pieces,"If anybody asks, yeah",1
Taken,Petals for Armor,"If anybody asks, yeah",He makes me wanna give it another shot,I'm taken,1
Taken,Petals for Armor,"Ba-ba, uh-uh",Ba-ba-ba-ba,Would I do it all again?,1
Taken,Petals for Armor,Would I do it all again?,"Ba-ba, uh-uh","Oh yeah, in a second",1
Taken,Petals for Armor,"Oh yeah, in a second",Would I do it all again?,Might've taken thirty years,1
Taken,Petals for Armor,Might've taken thirty years,"Oh yeah, in a second",But I was always on my way to him,1
Taken,Petals for Armor,But I was always on my way to him,Might've taken thirty years,"If anybody asks, yeah",1
Taken,Petals for Armor,"If anybody asks, yeah",But I was always on my way to him,I'm taken,1
Taken,Petals for Armor,He is too,If anybody wants to know,(Ba-ba-ba-ba) I'm taken,1
Taken,Petals for Armor,(Ba-ba-ba-ba) I'm taken,He is too,(Ba-ba-ba-ba),1
Taken,Petals for Armor,(Ba-ba-ba-ba),(Ba-ba-ba-ba) I'm taken,He is too,1
Taken,Petals for Armor,He is too,(Ba-ba-ba-ba),(Ba-ba-ba-ba-ba-ba) I'm taken,1
Taken,Petals for Armor,(Ba-ba-ba-ba-ba-ba) I'm taken,He is too,(Ba-ba-ba-ba),1
Taken,Petals for Armor,(Ba-ba-ba-ba),(Ba-ba-ba-ba-ba-ba) I'm taken,He is too,1
Taken,Petals for Armor,He is too,(Ba-ba-ba-ba),,1
Sugar on the Rim,Petals for Armor,Sugar on the rim,,Sugar on the rim,1
Sugar on the Rim,Petals for Armor,Sugar on the rim,Sugar on the rim,Sugar on the rim,7
Sugar on the Rim,Petals for Armor,Sugar on the rim,Sugar on the rim,Do you taste old shame when you lick my wounds?,1
Sugar on the Rim,Petals for Armor,Do you taste old shame when you lick my wounds?,Sugar on the rim,'Cause I feel redeemed in spite of you,1
Sugar on the Rim,Petals for Armor,'Cause I feel redeemed in spite of you,Do you taste old shame when you lick my wounds?,Had a life in hiding but a storm kept coming in,1
Sugar on the Rim,Petals for Armor,Had a life in hiding but a storm kept coming in,'Cause I feel redeemed in spite of you,Could you be the silver lining like sugar on the rim?,1
Sugar on the Rim,Petals for Armor,Could you be the silver lining like sugar on the rim?,Had a life in hiding but a storm kept coming in,You took me by,1
Sugar on the Rim,Petals for Armor,You took me by,Could you be the silver lining like sugar on the rim?,You took me by,1
Sugar on the Rim,Petals for Armor,You took me by,You took me by,You took me by,3
Sugar on the Rim,Petals for Armor,You took me by,You took me by,Surprise,3
Sugar on the Rim,Petals for Armor,Surprise,You took me by,You took me by,1
Sugar on the Rim,Petals for Armor,You took me by,Surprise,You took me by,1
Sugar on the Rim,Petals for Armor,Surprise,You took me by,Never felt this sensation,2
Sugar on the Rim,Petals for Armor,Never felt this sensation,Surprise,A kiss to every scar,2
Sugar on the Rim,Petals for Armor,A kiss to every scar,Never felt this sensation,Eclipse my expectation,3
Sugar on the Rim,Petals for Armor,Eclipse my expectation,A kiss to every scar,Shock to my heart,1
Sugar on the Rim,Petals for Armor,Shock to my heart,Eclipse my expectation,"Sugar on, sugar on",2
Sugar on the Rim,Petals for Armor,"Sugar on, sugar on",Shock to my heart,"Sugar, sugar on the rim",2
Sugar on the Rim,Petals for Armor,"Sugar, sugar on the rim","Sugar on, sugar on",On the rim,2
Sugar on the Rim,Petals for Armor,On the rim,"Sugar, sugar on the rim",I love to play with our shadows,1
Sugar on the Rim,Petals for Armor,I love to play with our shadows,On the rim,In and out of the glow,1
Sugar on the Rim,Petals for Armor,In and out of the glow,I love to play with our shadows,I'm not afraid of a dark side,1
Sugar on the Rim,Petals for Armor,I'm not afraid of a dark side,In and out of the glow,Just tell me things I don't know,1
Sugar on the Rim,Petals for Armor,Just tell me things I don't know,I'm not afraid of a dark side,Maybe we just had to feel it,1
Sugar on the Rim,Petals for Armor,Maybe we just had to feel it,Just tell me things I don't know,So we'd know the difference (Difference),1
Sugar on the Rim,Petals for Armor,So we'd know the difference (Difference),Maybe we just had to feel it,When we tell our gory story,1
Sugar on the Rim,Petals for Armor,When we tell our gory story,So we'd know the difference (Difference),With a sweetness on our lips,1
Sugar on the Rim,Petals for Armor,With a sweetness on our lips,When we tell our gory story,You took me by,1
Sugar on the Rim,Petals for Armor,You took me by,With a sweetness on our lips,You took me by,1
Sugar on the Rim,Petals for Armor,Eclipse my expectation,A kiss to every scar,Shock to my heart (Sugar on the rim),2
Sugar on the Rim,Petals for Armor,Shock to my heart (Sugar on the rim),Eclipse my expectation,Never felt this sensation (Sensation),2
Sugar on the Rim,Petals for Armor,Never felt this sensation (Sensation),Shock to my heart (Sugar on the rim),Kiss to every scar (Scar),2
Sugar on the Rim,Petals for Armor,Kiss to every scar (Scar),Never felt this sensation (Sensation),Eclipse my expectation,2
Sugar on the Rim,Petals for Armor,Eclipse my expectation,Kiss to every scar (Scar),Shock to my heart (Sugar on the rim),1
Sugar on the Rim,Petals for Armor,Shock to my heart (Sugar on the rim),Eclipse my expectation,Sugar on the rim,1
Sugar on the Rim,Petals for Armor,Sugar on the rim,Shock to my heart (Sugar on the rim),Sugar on the rim,1
Sugar on the Rim,Petals for Armor,Sugar on the rim,Sugar on the rim,Bitter if you walk away,1
Sugar on the Rim,Petals for Armor,Bitter if you walk away,Sugar on the rim,"Mmm, sweeter if you stay",1
Sugar on the Rim,Petals for Armor,"Mmm, sweeter if you stay",Bitter if you walk away,Bitter if you ever walk away,1
Sugar on the Rim,Petals for Armor,Bitter if you ever walk away,"Mmm, sweeter if you stay",'Cause it just gets sweeter by the day,1
Sugar on the Rim,Petals for Armor,'Cause it just gets sweeter by the day,Bitter if you ever walk away,Bitter if you walk away (Sugar on the rim),1
Sugar on the Rim,Petals for Armor,Bitter if you walk away (Sugar on the rim),'Cause it just gets sweeter by the day,"Mmm, sweeter if you stay",1
Sugar on the Rim,Petals for Armor,"Mmm, sweeter if you stay",Bitter if you walk away (Sugar on the rim),Bitter if you ever walk away (Walk away),1
Sugar on the Rim,Petals for Armor,Bitter if you ever walk away (Walk away),"Mmm, sweeter if you stay",'Cause it just gets sweeter by the day,1
Sugar on the Rim,Petals for Armor,'Cause it just gets sweeter by the day,Bitter if you ever walk away (Walk away),Never felt this sensation,1
Sugar on the Rim,Petals for Armor,Never felt this sensation,'Cause it just gets sweeter by the day,A kiss to every scar,1
Sugar on the Rim,Petals for Armor,Eclipse my expectation,Kiss to every scar (Scar),Shock to my heart,1
Sugar on the Rim,Petals for Armor,On the rim,"Sugar, sugar on the rim",,1
Watch Me While I Bloom,Petals for Armor,How lucky I feel,,To be in my body again,1
Watch Me While I Bloom,Petals for Armor,To be in my body again,How lucky I feel,How lovely I feel,1
Watch Me While I Bloom,Petals for Armor,How lovely I feel,To be in my body again,Not to have to pretend,1
Watch Me While I Bloom,Petals for Armor,Not to have to pretend,How lovely I feel,Shocking to feel,1
Watch Me While I Bloom,Petals for Armor,Shocking to feel,Not to have to pretend,A positive charge,1
Watch Me While I Bloom,Petals for Armor,A positive charge,Shocking to feel,Innocuous thrill,1
Watch Me While I Bloom,Petals for Armor,Innocuous thrill,A positive charge,Big invisible spark (Hmm),1
Watch Me While I Bloom,Petals for Armor,Big invisible spark (Hmm),Innocuous thrill,You wanna look inside of me?,1
Watch Me While I Bloom,Petals for Armor,You wanna look inside of me?,Big invisible spark (Hmm),And just watch me bloom,1
Watch Me While I Bloom,Petals for Armor,And just watch me bloom,You wanna look inside of me?,You only got one side of me,4
Watch Me While I Bloom,Petals for Armor,You only got one side of me,And just watch me bloom,"Here's something new, ah",6
Watch Me While I Bloom,Petals for Armor,"Here's something new, ah",You only got one side of me,I'm alive in spite of me,6
Watch Me While I Bloom,Petals for Armor,I'm alive in spite of me,"Here's something new, ah",And I'm on the move,6
Watch Me While I Bloom,Petals for Armor,And I'm on the move,I'm alive in spite of me,So come and look inside of me,6
Watch Me While I Bloom,Petals for Armor,So come and look inside of me,And I'm on the move,"Watch me while I bloom, ah",4
Watch Me While I Bloom,Petals for Armor,"Watch me while I bloom, ah",So come and look inside of me,Wanna look inside of me?,2
Watch Me While I Bloom,Petals for Armor,Wanna look inside of me?,"Watch me while I bloom, ah",And just watch me bloom,2
Watch Me While I Bloom,Petals for Armor,And just watch me bloom,Wanna look inside of me?,You only got one side of me,2
Watch Me While I Bloom,Petals for Armor,"Watch me while I bloom, ah",So come and look inside of me,If you feel like you're never gonna reach the sky,2
Watch Me While I Bloom,Petals for Armor,If you feel like you're never gonna reach the sky,"Watch me while I bloom, ah","'Til you pull up your roots, leave your dirt behind",2
Watch Me While I Bloom,Petals for Armor,"'Til you pull up your roots, leave your dirt behind",If you feel like you're never gonna reach the sky,"Baby, you got a lot of shit to learn",1
Watch Me While I Bloom,Petals for Armor,"Baby, you got a lot of shit to learn","'Til you pull up your roots, leave your dirt behind",You wanna look inside of me?,1
Watch Me While I Bloom,Petals for Armor,You wanna look inside of me?,"Baby, you got a lot of shit to learn",And just watch me bloom,1
Watch Me While I Bloom,Petals for Armor,"'Til you pull up your roots, leave your dirt behind",If you feel like you're never gonna reach the sky,"Ooh, got a lot to learn",1
Watch Me While I Bloom,Petals for Armor,"Ooh, got a lot to learn","'Til you pull up your roots, leave your dirt behind","Got a lot, got a lot, got a lot",1
Watch Me While I Bloom,Petals for Armor,"Got a lot, got a lot, got a lot","Ooh, got a lot to learn",You got a lot to learn,1
Watch Me While I Bloom,Petals for Armor,You got a lot to learn,"Got a lot, got a lot, got a lot","Got a lot, got a lot, got a lot",1
Watch Me While I Bloom,Petals for Armor,"Got a lot, got a lot, got a lot",You got a lot to learn,You wanna look inside of me?,1
Watch Me While I Bloom,Petals for Armor,You wanna look inside of me?,"Got a lot, got a lot, got a lot",And just watch me bloom,1
Watch Me While I Bloom,Petals for Armor,So come and look inside of me,And I'm on the move,"Watch me while I bloom, ooh, ooh",1
Watch Me While I Bloom,Petals for Armor,"Watch me while I bloom, ooh, ooh",So come and look inside of me,You wanna look inside of me?,1
Watch Me While I Bloom,Petals for Armor,You wanna look inside of me?,"Watch me while I bloom, ooh, ooh",And just watch me bloom,1
Watch Me While I Bloom,Petals for Armor,So come and look inside of me,And I'm on the move,"Watch me while I bloom, yeah",1
Watch Me While I Bloom,Petals for Armor,"Watch me while I bloom, yeah",So come and look inside of me,You wanna look inside of me?,1
Watch Me While I Bloom,Petals for Armor,You wanna look inside of me?,"Watch me while I bloom, yeah","Watch me while I bloom, yeah",1
Watch Me While I Bloom,Petals for Armor,"Watch me while I bloom, yeah",You wanna look inside of me?,You only got one side of me,1
Watch Me While I Bloom,Petals for Armor,You only got one side of me,"Watch me while I bloom, yeah","Watch me while I bloom, yeah",1
Watch Me While I Bloom,Petals for Armor,"Watch me while I bloom, yeah",You only got one side of me,I'm alive in spite of me,1
Watch Me While I Bloom,Petals for Armor,I'm alive in spite of me,"Watch me while I bloom, yeah","Watch me while I bloom, yeah",1
Watch Me While I Bloom,Petals for Armor,"Watch me while I bloom, yeah",I'm alive in spite of me,So come and look inside of me,1
Watch Me While I Bloom,Petals for Armor,So come and look inside of me,"Watch me while I bloom, yeah",Mmm-mmm-mmm-mmm-mmm,1
Watch Me While I Bloom,Petals for Armor,Mmm-mmm-mmm-mmm-mmm,So come and look inside of me,,1
Crystal Clear,Petals for Armor,"Mmm, I don't wanna shut you out",,I don't wanna rush around or slow down,1
Crystal Clear,Petals for Armor,I don't wanna rush around or slow down,"Mmm, I don't wanna shut you out","This time, I wanna stay right here",1
Crystal Clear,Petals for Armor,"This time, I wanna stay right here",I don't wanna rush around or slow down,I wanna make it crystal clear,1
Crystal Clear,Petals for Armor,I wanna make it crystal clear,"This time, I wanna stay right here",That I won't give in to the fear,1
Crystal Clear,Petals for Armor,That I won't give in to the fear,I wanna make it crystal clear,Crystal clear,1
Crystal Clear,Petals for Armor,Crystal clear,That I won't give in to the fear,I won't give in to the fear,1
Crystal Clear,Petals for Armor,I won't give in to the fear,Crystal clear,Crystal clear,8
Crystal Clear,Petals for Armor,Crystal clear,I won't give in to the fear,I won't give in to the fear,6
Crystal Clear,Petals for Armor,Crystal clear,I won't give in to the fear,I remember standing on the edge,1
Crystal Clear,Petals for Armor,I remember standing on the edge,Crystal clear,Closing my eyes,1
Crystal Clear,Petals for Armor,Closing my eyes,I remember standing on the edge,"Counting to three, I",1
Crystal Clear,Petals for Armor,"Counting to three, I",Closing my eyes,Jump in with the rush in my head,1
Crystal Clear,Petals for Armor,Jump in with the rush in my head,"Counting to three, I",Only to find the water was concrete,1
Crystal Clear,Petals for Armor,Only to find the water was concrete,Jump in with the rush in my head,And now you're pumpin' air to my lungs,1
Crystal Clear,Petals for Armor,And now you're pumpin' air to my lungs,Only to find the water was concrete,This don't feel anything like sinking,1
Crystal Clear,Petals for Armor,This don't feel anything like sinking,And now you're pumpin' air to my lungs,"In fact, no matter how deep I go",1
Crystal Clear,Petals for Armor,"In fact, no matter how deep I go",This don't feel anything like sinking,"Into you, it looks like the water is crystal clear",1
Crystal Clear,Petals for Armor,"Into you, it looks like the water is crystal clear","In fact, no matter how deep I go",Crystal clear,1
Crystal Clear,Petals for Armor,Crystal clear,"Into you, it looks like the water is crystal clear",I won't give in to the fear,1
Crystal Clear,Petals for Armor,I won't give in to the fear,Crystal clear,Crystal clear (Clear),1
Crystal Clear,Petals for Armor,Crystal clear (Clear),I won't give in to the fear,Here we go,1
Crystal Clear,Petals for Armor,Here we go,Crystal clear (Clear),Gonna risk it again,1
Crystal Clear,Petals for Armor,Gonna risk it again,Here we go,Let's hope it's the last time,1
Crystal Clear,Petals for Armor,Let's hope it's the last time,Gonna risk it again,We don't know,1
Crystal Clear,Petals for Armor,We don't know,Let's hope it's the last time,How this could end,1
Crystal Clear,Petals for Armor,How this could end,We don't know,Let's hope it won't have to (Hmm),1
Crystal Clear,Petals for Armor,Let's hope it won't have to (Hmm),How this could end,Won't have to (Hmm),1
Crystal Clear,Petals for Armor,Won't have to (Hmm),Let's hope it won't have to (Hmm),Crystal clear,1
Crystal Clear,Petals for Armor,Crystal clear,Won't have to (Hmm),I won't give in to the fear,1
Crystal Clear,Petals for Armor,Crystal clear,I won't give in to the fear,Friends or lovers,1
Crystal Clear,Petals for Armor,Friends or lovers,Crystal clear,(Clear) Won't give in to the fear,1
Crystal Clear,Petals for Armor,(Clear) Won't give in to the fear,Friends or lovers,"Friends or lovers, which will it be?",1
Crystal Clear,Petals for Armor,"Friends or lovers, which will it be?",(Clear) Won't give in to the fear,It's a feeling (Friends or lovers),1
Crystal Clear,Petals for Armor,It's a feeling (Friends or lovers),"Friends or lovers, which will it be?",(Clear) I'm still right here,1
Crystal Clear,Petals for Armor,(Clear) I'm still right here,It's a feeling (Friends or lovers),"Friends or lovers, which will it be?",1
Crystal Clear,Petals for Armor,"Friends or lovers, which will it be?",(Clear) I'm still right here,,1
First Thing to Go,FLOWERS for VASES / descansos,"First thing to go was the sound of his voice, ah",,"It echoes still, I'm sure, but I can't hear it",1
First Thing to Go,FLOWERS for VASES / descansos,"It echoes still, I'm sure, but I can't hear it","First thing to go was the sound of his voice, ah","Was it gentle or cold? Or maybe just noise, I",1
First Thing to Go,FLOWERS for VASES / descansos,"Was it gentle or cold? Or maybe just noise, I","It echoes still, I'm sure, but I can't hear it",Heard what I wanted until I couldn't,1
First Thing to Go,FLOWERS for VASES / descansos,Heard what I wanted until I couldn't,"Was it gentle or cold? Or maybe just noise, I",And I'm scared to lose,1
First Thing to Go,FLOWERS for VASES / descansos,And I'm scared to lose,Heard what I wanted until I couldn't,"Ah, what's left of you",1
First Thing to Go,FLOWERS for VASES / descansos,"Ah, what's left of you",And I'm scared to lose,"Time moves slow, I just talk to myself, I",1
First Thing to Go,FLOWERS for VASES / descansos,"Time moves slow, I just talk to myself, I","Ah, what's left of you",Finish my own sentences the way you used to (Mmm),1
First Thing to Go,FLOWERS for VASES / descansos,Finish my own sentences the way you used to (Mmm),"Time moves slow, I just talk to myself, I",Why do memories glow the way real moments don't? Ah,1
First Thing to Go,FLOWERS for VASES / descansos,Why do memories glow the way real moments don't? Ah,Finish my own sentences the way you used to (Mmm),My altar is full of all love's delusions,1
First Thing to Go,FLOWERS for VASES / descansos,My altar is full of all love's delusions,Why do memories glow the way real moments don't? Ah,"And I, mmm",1
First Thing to Go,FLOWERS for VASES / descansos,"And I, mmm",My altar is full of all love's delusions,"And I, mmm",1
First Thing to Go,FLOWERS for VASES / descansos,"And I, mmm","And I, mmm",And I'm scared to lose,1
First Thing to Go,FLOWERS for VASES / descansos,And I'm scared to lose,"And I, mmm",And I (I),1
First Thing to Go,FLOWERS for VASES / descansos,And I (I),And I'm scared to lose,What's left of you (I),1
First Thing to Go,FLOWERS for VASES / descansos,What's left of you (I),And I (I),I should forget,1
First Thing to Go,FLOWERS for VASES / descansos,I should forget,What's left of you (I),But I love what's left,1
First Thing to Go,FLOWERS for VASES / descansos,But I love what's left,I should forget,The first thing to go was the sound of his voice,1
First Thing to Go,FLOWERS for VASES / descansos,The first thing to go was the sound of his voice,But I love what's left,,1
My Limb,FLOWERS for VASES / descansos,"If you gotta amputate, don't give me the tourniquet",,"You wish that I would run away, sever what isn't working",1
My Limb,FLOWERS for VASES / descansos,"You wish that I would run away, sever what isn't working","If you gotta amputate, don't give me the tourniquet",But I'll let my body bleed out,1
My Limb,FLOWERS for VASES / descansos,But I'll let my body bleed out,"You wish that I would run away, sever what isn't working",", lean into my left side",1
My Limb,FLOWERS for VASES / descansos,", lean into my left side",But I'll let my body bleed out,"If your part of me is gone now, do I wanna survive?",1
My Limb,FLOWERS for VASES / descansos,"If your part of me is gone now, do I wanna survive?",", lean into my left side",My limb,1
My Limb,FLOWERS for VASES / descansos,My limb,"If your part of me is gone now, do I wanna survive?",", my limb, my limb, my limb",1
My Limb,FLOWERS for VASES / descansos,", my limb, my limb, my limb",My limb,"My limb, my limb, my limb, my limb (Don't let go)",1
My Limb,FLOWERS for VASES / descansos,"My limb, my limb, my limb, my limb (Don't let go)",", my limb, my limb, my limb","My limb, my limb, my limb, my limb (Let go)",1
My Limb,FLOWERS for VASES / descansos,"My limb, my limb, my limb, my limb (Let go)","My limb, my limb, my limb, my limb (Don't let go)","My limb, my limb, my limb, my limb",1
My Limb,FLOWERS for VASES / descansos,"My limb, my limb, my limb, my limb","My limb, my limb, my limb, my limb (Let go)","Funny, of the two of us, you always were the gentle one",1
My Limb,FLOWERS for VASES / descansos,"Funny, of the two of us, you always were the gentle one","My limb, my limb, my limb, my limb","Shy little rabbit, teething on a shotgun",1
My Limb,FLOWERS for VASES / descansos,"Shy little rabbit, teething on a shotgun","Funny, of the two of us, you always were the gentle one","Guess we were collateral damage, kissing in the crossfire",1
My Limb,FLOWERS for VASES / descansos,"Guess we were collateral damage, kissing in the crossfire","Shy little rabbit, teething on a shotgun","Limpin' over dead leaves, I wish that they would cover me",1
My Limb,FLOWERS for VASES / descansos,"Limpin' over dead leaves, I wish that they would cover me","Guess we were collateral damage, kissing in the crossfire","My limb, my limb, my limb, my limb (Don't let go)",1
My Limb,FLOWERS for VASES / descansos,"My limb, my limb, my limb, my limb (Don't let go)","Limpin' over dead leaves, I wish that they would cover me","My limb, my limb, my limb, my limb (Let go)",1
My Limb,FLOWERS for VASES / descansos,"My limb, my limb, my limb, my limb (Let go)","My limb, my limb, my limb, my limb (Don't let go)","My limb, my limb, my limb, my limb (Don't let go)",1
My Limb,FLOWERS for VASES / descansos,"My limb, my limb, my limb, my limb (Don't let go)","My limb, my limb, my limb, my limb (Let go)","My limb, my limb, my limb, my limb (Don't let go)",1
My Limb,FLOWERS for VASES / descansos,"My limb, my limb, my limb, my limb (Don't let go)","My limb, my limb, my limb, my limb (Don't let go)","(Ooh-ooh, ooh-ooh, ooh-ooh, ooh-oh)",1
My Limb,FLOWERS for VASES / descansos,"(Ooh-ooh, ooh-ooh, ooh-ooh, ooh-oh)","My limb, my limb, my limb, my limb (Don't let go)","(Ooh-ooh, ooh-ooh)",1
My Limb,FLOWERS for VASES / descansos,"(Ooh-ooh, ooh-ooh)","(Ooh-ooh, ooh-ooh, ooh-ooh, ooh-oh)","(Ooh-ooh, ooh-ooh, ooh-ooh, ooh-oh)",1
My Limb,FLOWERS for VASES / descansos,"(Ooh-ooh, ooh-ooh, ooh-ooh, ooh-oh)","(Ooh-ooh, ooh-ooh)","(Ooh-ooh, ooh-ooh)",1
My Limb,FLOWERS for VASES / descansos,"(Ooh-ooh, ooh-ooh)","(Ooh-ooh, ooh-ooh, ooh-ooh, ooh-oh)","Don't, don't let go my limb",1
My Limb,FLOWERS for VASES / descansos,"Don't, don't let go my limb","(Ooh-ooh, ooh-ooh)","Don't, don't let go my limb (Don't let go)",1
My Limb,FLOWERS for VASES / descansos,"Don't, don't let go my limb (Don't let go)","Don't, don't let go my limb","My limb, my limb, my limb, my limb (Don't, don't let go my limb)",1
My Limb,FLOWERS for VASES / descansos,"My limb, my limb, my limb, my limb (Don't, don't let go my limb)","Don't, don't let go my limb (Don't let go)","My limb, my limb, my limb, my limb (Don't, don't let go my limb)",1
My Limb,FLOWERS for VASES / descansos,"My limb, my limb, my limb, my limb (Don't, don't let go my limb)","My limb, my limb, my limb, my limb (Don't, don't let go my limb)","My limb, my limb, my limb, my limb (Don't, don't let go my limb)",1
My Limb,FLOWERS for VASES / descansos,"My limb, my limb, my limb, my limb (Don't, don't let go my limb)","My limb, my limb, my limb, my limb (Don't, don't let go my limb)","My limb, my limb, my limb, my limb, my limb (Don't, don't let go my limb)",1
My Limb,FLOWERS for VASES / descansos,"My limb, my limb, my limb, my limb, my limb (Don't, don't let go my limb)","My limb, my limb, my limb, my limb (Don't, don't let go my limb)",(Don't let go my),1
My Limb,FLOWERS for VASES / descansos,(Don't let go my),"My limb, my limb, my limb, my limb, my limb (Don't, don't let go my limb)",(Don't let go),1
My Limb,FLOWERS for VASES / descansos,(Don't let go),(Don't let go my),(Don't let go my),1
My Limb,FLOWERS for VASES / descansos,(Don't let go my),(Don't let go),,1
Asystole,FLOWERS for VASES / descansos,"I don't live for you, I live for me",,If only that were true,1
Asystole,FLOWERS for VASES / descansos,If only that were true,"I don't live for you, I live for me","If only I could prove that, on my own, I'm worthy",1
Asystole,FLOWERS for VASES / descansos,"If only I could prove that, on my own, I'm worthy",If only that were true,Funny how it feels like,1
Asystole,FLOWERS for VASES / descansos,Funny how it feels like,"If only I could prove that, on my own, I'm worthy",We're talking to each other on the other line,1
Asystole,FLOWERS for VASES / descansos,We're talking to each other on the other line,Funny how it feels like,But it's quiet here,1
Asystole,FLOWERS for VASES / descansos,But it's quiet here,We're talking to each other on the other line,Nothin' playing but the song of asystole,1
Asystole,FLOWERS for VASES / descansos,Nothin' playing but the song of asystole,But it's quiet here,"Asystole, asystole",1
Asystole,FLOWERS for VASES / descansos,"Asystole, asystole",Nothin' playing but the song of asystole,"Asystole, asystole",1
Asystole,FLOWERS for VASES / descansos,"Asystole, asystole","Asystole, asystole",And I can't get my head,1
Asystole,FLOWERS for VASES / descansos,And I can't get my head,"Asystole, asystole",To say anything my heart could ever understand,1
Asystole,FLOWERS for VASES / descansos,To say anything my heart could ever understand,And I can't get my head,I want to forget,1
Asystole,FLOWERS for VASES / descansos,I want to forget,To say anything my heart could ever understand,But the feelin' isn't somethin' I can let myself let go of,1
Asystole,FLOWERS for VASES / descansos,But the feelin' isn't somethin' I can let myself let go of,I want to forget,The trouble is the way you stick,1
Asystole,FLOWERS for VASES / descansos,The trouble is the way you stick,But the feelin' isn't somethin' I can let myself let go of,To any part of me that remains intact,1
Asystole,FLOWERS for VASES / descansos,To any part of me that remains intact,The trouble is the way you stick,But if I pull the plug,1
Asystole,FLOWERS for VASES / descansos,But if I pull the plug,To any part of me that remains intact,It isn't only me that I'm holding back,1
Asystole,FLOWERS for VASES / descansos,It isn't only me that I'm holding back,But if I pull the plug,"Asystole, asystole",1
Asystole,FLOWERS for VASES / descansos,"Asystole, asystole",It isn't only me that I'm holding back,"Asystole, asystole",1
Asystole,FLOWERS for VASES / descansos,"Asystole, asystole","Asystole, asystole",Revive your love in me,1
Asystole,FLOWERS for VASES / descansos,Revive your love in me,"Asystole, asystole",Revive another side of me,1
Asystole,FLOWERS for VASES / descansos,Revive another side of me,Revive your love in me,"My eyes, to see the poisoned devotion in me",1
Asystole,FLOWERS for VASES / descansos,"My eyes, to see the poisoned devotion in me",Revive another side of me,"Revive, revive, revive",1
Asystole,FLOWERS for VASES / descansos,"Revive, revive, revive","My eyes, to see the poisoned devotion in me","Asystole, asystole",1
Asystole,FLOWERS for VASES / descansos,"Asystole, asystole","Revive, revive, revive","(Oh, ah)",1
Asystole,FLOWERS for VASES / descansos,"(Oh, ah)","Asystole, asystole","(Oh, ah)",1
Asystole,FLOWERS for VASES / descansos,"(Oh, ah)","(Oh, ah)",(Oh),1
Asystole,FLOWERS for VASES / descansos,(Oh),"(Oh, ah)",(Ooh),1
Asystole,FLOWERS for VASES / descansos,(Ooh),(Oh),,1
Trigger,FLOWERS for VASES / descansos,All I ever had to say about love is a sad song,,I get off on tellin' everybody what went wrong,1
Trigger,FLOWERS for VASES / descansos,I get off on tellin' everybody what went wrong,All I ever had to say about love is a sad song,It makes me feel like the pain had a purpose,1
Trigger,FLOWERS for VASES / descansos,It makes me feel like the pain had a purpose,I get off on tellin' everybody what went wrong,Keeps me believin' that maybe it's worth it,1
Trigger,FLOWERS for VASES / descansos,Keeps me believin' that maybe it's worth it,It makes me feel like the pain had a purpose,"Truth is, all I really want is somebody who wants me",1
Trigger,FLOWERS for VASES / descansos,"Truth is, all I really want is somebody who wants me",Keeps me believin' that maybe it's worth it,Somebody I can count on who won't disappoint me,1
Trigger,FLOWERS for VASES / descansos,Somebody I can count on who won't disappoint me,"Truth is, all I really want is somebody who wants me","At first, it seems easy, I vow not to give up",1
Trigger,FLOWERS for VASES / descansos,"At first, it seems easy, I vow not to give up",Somebody I can count on who won't disappoint me,Let 'em debase me while keepin' my chin up,1
Trigger,FLOWERS for VASES / descansos,Let 'em debase me while keepin' my chin up,"At first, it seems easy, I vow not to give up","'Cause I got the trigger, but you hold the gun",1
Trigger,FLOWERS for VASES / descansos,"'Cause I got the trigger, but you hold the gun",Let 'em debase me while keepin' my chin up,How come you never put the safety on?,1
Trigger,FLOWERS for VASES / descansos,How come you never put the safety on?,"'Cause I got the trigger, but you hold the gun","I got the trigger, but you hold the gun",2
Trigger,FLOWERS for VASES / descansos,"I got the trigger, but you hold the gun",How come you never put the safety on?,How come you never put the safety on? Mmm,2
Trigger,FLOWERS for VASES / descansos,How come you never put the safety on? Mmm,"I got the trigger, but you hold the gun","So, what do people sing about once they finally found it?",1
Trigger,FLOWERS for VASES / descansos,"So, what do people sing about once they finally found it?",How come you never put the safety on? Mmm,"Take it for granted, think of how they were better without it?",1
Trigger,FLOWERS for VASES / descansos,"Take it for granted, think of how they were better without it?","So, what do people sing about once they finally found it?",I'd like to imagine I'd never be like that,1
Trigger,FLOWERS for VASES / descansos,I'd like to imagine I'd never be like that,"Take it for granted, think of how they were better without it?","But if I'm honest, I know I already have",1
Trigger,FLOWERS for VASES / descansos,"But if I'm honest, I know I already have",I'd like to imagine I'd never be like that,"'Cause I got the trigger, but you hold the gun",1
Trigger,FLOWERS for VASES / descansos,"'Cause I got the trigger, but you hold the gun","But if I'm honest, I know I already have",How come you never put the safety on?,1
Trigger,FLOWERS for VASES / descansos,How come you never put the safety on? Mmm,"I got the trigger, but you hold the gun",Mmm,1
Trigger,FLOWERS for VASES / descansos,Mmm,How come you never put the safety on? Mmm,"I got the trigger, but you own the gun",1
Trigger,FLOWERS for VASES / descansos,"I got the trigger, but you own the gun",Mmm,How come you never put the safety on?,1
Trigger,FLOWERS for VASES / descansos,How come you never put the safety on?,"I got the trigger, but you own the gun","Yeah, I got the trigger, but you hold the gun",1
Trigger,FLOWERS for VASES / descansos,"Yeah, I got the trigger, but you hold the gun",How come you never put the safety on?,How come you never put the safety on? Mmm,1
Trigger,FLOWERS for VASES / descansos,How come you never put the safety on? Mmm,"Yeah, I got the trigger, but you hold the gun",,1
Over Those Hills,FLOWERS for VASES / descansos,"Over those hills, I bet you're somewhere dreaming",,I take my pills every night and in the morning,1
Over Those Hills,FLOWERS for VASES / descansos,I take my pills every night and in the morning,"Over those hills, I bet you're somewhere dreaming","When you wake up, ever wish I was beside you?",1
Over Those Hills,FLOWERS for VASES / descansos,"When you wake up, ever wish I was beside you?",I take my pills every night and in the morning,We could look out together in those hills forever,1
Over Those Hills,FLOWERS for VASES / descansos,We could look out together in those hills forever,"When you wake up, ever wish I was beside you?","Over those hills, I bet you're somewhere dreaming",1
Over Those Hills,FLOWERS for VASES / descansos,"Over those hills, I bet you're somewhere dreaming",We could look out together in those hills forever,I take my pills every night and in the morning,1
Over Those Hills,FLOWERS for VASES / descansos,I take my pills every night and in the morning,"Over those hills, I bet you're somewhere dreaming","When you wake up (Wake up, wish I was), ever wish I was beside you? (Beside, beside you)",1
Over Those Hills,FLOWERS for VASES / descansos,"When you wake up (Wake up, wish I was), ever wish I was beside you? (Beside, beside you)",I take my pills every night and in the morning,"We could look out together in those hills forever, hmm",1
Over Those Hills,FLOWERS for VASES / descansos,"We could look out together in those hills forever, hmm","When you wake up (Wake up, wish I was), ever wish I was beside you? (Beside, beside you)",So this is the feeling,1
Over Those Hills,FLOWERS for VASES / descansos,So this is the feeling,"We could look out together in those hills forever, hmm",You can't imagine that it's real,1
Over Those Hills,FLOWERS for VASES / descansos,You can't imagine that it's real,So this is the feeling,"'Til you feel it, oh",1
Over Those Hills,FLOWERS for VASES / descansos,"'Til you feel it, oh",You can't imagine that it's real,Almost went numb,1
Over Those Hills,FLOWERS for VASES / descansos,Almost went numb,"'Til you feel it, oh",Thought I'd had enough,1
Over Those Hills,FLOWERS for VASES / descansos,Thought I'd had enough,Almost went numb,But the hurt is half the fun,1
Over Those Hills,FLOWERS for VASES / descansos,But the hurt is half the fun,Thought I'd had enough,"Da, da-ra-ra, da-ra-ra, da-ra-ra-ra, da, da-ra-ra, da-ra, da-ra-ra",1
Over Those Hills,FLOWERS for VASES / descansos,"Da, da-ra-ra, da-ra-ra, da-ra-ra-ra, da, da-ra-ra, da-ra, da-ra-ra",But the hurt is half the fun,"Da, da-ra-ra, da-ra-ra, da-ra-ra-ra, da",1
Over Those Hills,FLOWERS for VASES / descansos,"Da, da-ra-ra, da-ra-ra, da-ra-ra-ra, da","Da, da-ra-ra, da-ra-ra, da-ra-ra-ra, da, da-ra-ra, da-ra, da-ra-ra",We could look out together on those hills forever,1
Over Those Hills,FLOWERS for VASES / descansos,We could look out together on those hills forever,"Da, da-ra-ra, da-ra-ra, da-ra-ra-ra, da",,1
Good Grief,FLOWERS for VASES / descansos,There's no such thing as good grief,,Haven't eaten in three weeks,1
Good Grief,FLOWERS for VASES / descansos,Haven't eaten in three weeks,There's no such thing as good grief,Skin and bones when you're not near me,1
Good Grief,FLOWERS for VASES / descansos,Skin and bones when you're not near me,Haven't eaten in three weeks,I'm all skeleton and melody,1
Good Grief,FLOWERS for VASES / descansos,I'm all skeleton and melody,Skin and bones when you're not near me,There's no such thing as good grief,1
Good Grief,FLOWERS for VASES / descansos,There's no such thing as good grief,I'm all skeleton and melody,Sleep with you in a sex dream,1
Good Grief,FLOWERS for VASES / descansos,Sleep with you in a sex dream,There's no such thing as good grief,And I'm pretty sure you don't miss the way,1
Good Grief,FLOWERS for VASES / descansos,And I'm pretty sure you don't miss the way,Sleep with you in a sex dream,I put all my demons on display to your pretty music,1
Good Grief,FLOWERS for VASES / descansos,I put all my demons on display to your pretty music,And I'm pretty sure you don't miss the way,"One more time, play me something, I won't sing",1
Good Grief,FLOWERS for VASES / descansos,"One more time, play me something, I won't sing",I put all my demons on display to your pretty music,"I'll be quiet, play me something",1
Good Grief,FLOWERS for VASES / descansos,"I'll be quiet, play me something","One more time, play me something, I won't sing","One more time, I'm listening",2
Good Grief,FLOWERS for VASES / descansos,"One more time, I'm listening","I'll be quiet, play me something",There's no such thing as good grief,1
Good Grief,FLOWERS for VASES / descansos,There's no such thing as good grief,"One more time, I'm listening",Took two months to pack up your things,1
Good Grief,FLOWERS for VASES / descansos,Took two months to pack up your things,There's no such thing as good grief,But I left a box at your parents' house,1
Good Grief,FLOWERS for VASES / descansos,But I left a box at your parents' house,Took two months to pack up your things,Don't know whether to feel sad or proud,1
Good Grief,FLOWERS for VASES / descansos,Don't know whether to feel sad or proud,But I left a box at your parents' house,"One more time, play me something, I won't sing",1
Good Grief,FLOWERS for VASES / descansos,"One more time, play me something, I won't sing",Don't know whether to feel sad or proud,"I'll be quiet, play me something",1
Good Grief,FLOWERS for VASES / descansos,"One more time, I'm listening","I'll be quiet, play me something",,1
Wait On,FLOWERS for VASES / descansos,I don't wanna wait on you,,But it's just what I keep doing,1
Wait On,FLOWERS for VASES / descansos,But it's just what I keep doing,I don't wanna wait on you,As if I got nothing to do,1
Wait On,FLOWERS for VASES / descansos,As if I got nothing to do,But it's just what I keep doing,As if my life won't keep on going without you,1
Wait On,FLOWERS for VASES / descansos,As if my life won't keep on going without you,As if I got nothing to do,The sky will wake up every morning,1
Wait On,FLOWERS for VASES / descansos,The sky will wake up every morning,As if my life won't keep on going without you,And sometimes feel the need to pour out,1
Wait On,FLOWERS for VASES / descansos,And sometimes feel the need to pour out,The sky will wake up every morning,All the feelings it's been holding,1
Wait On,FLOWERS for VASES / descansos,All the feelings it's been holding,And sometimes feel the need to pour out,"But either way, it never comes down",1
Wait On,FLOWERS for VASES / descansos,"But either way, it never comes down",All the feelings it's been holding,It knows its place and knows a way around the clouds,1
Wait On,FLOWERS for VASES / descansos,It knows its place and knows a way around the clouds,"But either way, it never comes down",And their design,1
Wait On,FLOWERS for VASES / descansos,And their design,It knows its place and knows a way around the clouds,For every fairytale untrue,1
Wait On,FLOWERS for VASES / descansos,For every fairytale untrue,And their design,And all the hearts yet to be broken,1
Wait On,FLOWERS for VASES / descansos,And all the hearts yet to be broken,For every fairytale untrue,For every bird who never flew,1
Wait On,FLOWERS for VASES / descansos,For every bird who never flew,And all the hearts yet to be broken,"Well, it's a wonder we keep going without you",1
Wait On,FLOWERS for VASES / descansos,"Well, it's a wonder we keep going without you",For every bird who never flew,The sky still wakes up every morning,1
Wait On,FLOWERS for VASES / descansos,The sky still wakes up every morning,"Well, it's a wonder we keep going without you",And sometimes feels the need to pour out,1
Wait On,FLOWERS for VASES / descansos,And sometimes feels the need to pour out,The sky still wakes up every morning,Everything it's tired of holding,1
Wait On,FLOWERS for VASES / descansos,Everything it's tired of holding,And sometimes feels the need to pour out,"But either way, it never comes down",1
Wait On,FLOWERS for VASES / descansos,"But either way, it never comes down",Everything it's tired of holding,It's gonna stay and find a way around the clouds,1
Wait On,FLOWERS for VASES / descansos,It's gonna stay and find a way around the clouds,"But either way, it never comes down",There was a bird who never flew,1
Wait On,FLOWERS for VASES / descansos,There was a bird who never flew,It's gonna stay and find a way around the clouds,But she still kept all of her feathers,1
Wait On,FLOWERS for VASES / descansos,But she still kept all of her feathers,There was a bird who never flew,So she could pluck 'em out for you,1
Wait On,FLOWERS for VASES / descansos,So she could pluck 'em out for you,But she still kept all of her feathers,And you could wear them in your hair and,1
Wait On,FLOWERS for VASES / descansos,And you could wear them in your hair and,So she could pluck 'em out for you,She'd be with you,1
Wait On,FLOWERS for VASES / descansos,She'd be with you,And you could wear them in your hair and,,1
KYRH,FLOWERS for VASES / descansos,"""KYRH"" stands for ""Keep You Right Here"". The 8th out of 14 songs on FLOWERS for VASES / decscansos, KYRH serves as somewhat of an intermission between the first half of the album and the second.",,Keep you right here,1
KYRH,FLOWERS for VASES / descansos,Keep you right here,"""KYRH"" stands for ""Keep You Right Here"". The 8th out of 14 songs on FLOWERS for VASES / decscansos, KYRH serves as somewhat of an intermission between the first half of the album and the second.",Where the line is,1
KYRH,FLOWERS for VASES / descansos,Where the line is,Keep you right here,At my fingers,1
KYRH,FLOWERS for VASES / descansos,At my fingers,Where the line is,On the surface,1
KYRH,FLOWERS for VASES / descansos,On the surface,At my fingers,Keep you right here,1
KYRH,FLOWERS for VASES / descansos,Keep you right here,On the surface,Where the line is,2
KYRH,FLOWERS for VASES / descansos,Where the line is,Keep you right here,Keep you right here,1
KYRH,FLOWERS for VASES / descansos,Keep you right here,Where the line is,Keep you right here (Keep you right here),1
KYRH,FLOWERS for VASES / descansos,Keep you right here (Keep you right here),Keep you right here,Where the line is,1
KYRH,FLOWERS for VASES / descansos,Where the line is,Keep you right here (Keep you right here),At my fingers (Ah),1
KYRH,FLOWERS for VASES / descansos,At my fingers (Ah),Where the line is,On the surface,1
KYRH,FLOWERS for VASES / descansos,On the surface,At my fingers (Ah),Keep you right here,1
KYRH,FLOWERS for VASES / descansos,Where the line is,Keep you right here,"Keep you right here, ooh",1
KYRH,FLOWERS for VASES / descansos,"Keep you right here, ooh",Where the line is,Ooh,1
KYRH,FLOWERS for VASES / descansos,Ooh,"Keep you right here, ooh","Oh-oh, mmm",1
KYRH,FLOWERS for VASES / descansos,"Oh-oh, mmm",Ooh,,1
Inordinary,FLOWERS for VASES / descansos,I don't want your concern,,As some consolation prize,1
Inordinary,FLOWERS for VASES / descansos,As some consolation prize,I don't want your concern,And I don't want to be your friend,1
Inordinary,FLOWERS for VASES / descansos,And I don't want to be your friend,As some consolation prize,Or just one of the guys,1
Inordinary,FLOWERS for VASES / descansos,Or just one of the guys,And I don't want to be your friend,I am nobody's,1
Inordinary,FLOWERS for VASES / descansos,I am nobody's,Or just one of the guys,We left home when we were teens,1
Inordinary,FLOWERS for VASES / descansos,We left home when we were teens,I am nobody's,I grew bored of simple things,1
Inordinary,FLOWERS for VASES / descansos,I grew bored of simple things,We left home when we were teens,You gave me another chance,1
Inordinary,FLOWERS for VASES / descansos,You gave me another chance,I grew bored of simple things,A renegade holdin' your hand,1
Inordinary,FLOWERS for VASES / descansos,A renegade holdin' your hand,You gave me another chance,I was somebody's,1
Inordinary,FLOWERS for VASES / descansos,I was somebody's,A renegade holdin' your hand,"I wasn't ordinary, ordinary, ordinary",1
Inordinary,FLOWERS for VASES / descansos,"I wasn't ordinary, ordinary, ordinary",I was somebody's,"I was inordinary, ordinary",1
Inordinary,FLOWERS for VASES / descansos,"I was inordinary, ordinary","I wasn't ordinary, ordinary, ordinary","I wasn't ordinary, ordinary, ordinary",1
Inordinary,FLOWERS for VASES / descansos,"I wasn't ordinary, ordinary, ordinary","I was inordinary, ordinary","I was inordinary, ordinary",1
Inordinary,FLOWERS for VASES / descansos,"I was inordinary, ordinary","I wasn't ordinary, ordinary, ordinary",Life began in seventh grade,1
Inordinary,FLOWERS for VASES / descansos,Life began in seventh grade,"I was inordinary, ordinary",When me and mama got away,1
Inordinary,FLOWERS for VASES / descansos,When me and mama got away,Life began in seventh grade,Came home from school one afternoon,1
Inordinary,FLOWERS for VASES / descansos,Came home from school one afternoon,When me and mama got away,She was waitin' in the car for me,1
Inordinary,FLOWERS for VASES / descansos,She was waitin' in the car for me,Came home from school one afternoon,"She said, ""Don't worry""",1
Inordinary,FLOWERS for VASES / descansos,"She said, ""Don't worry""",She was waitin' in the car for me,"Started over, Tennessee",1
Inordinary,FLOWERS for VASES / descansos,"Started over, Tennessee","She said, ""Don't worry""",Rent was cheap and we were free,1
Inordinary,FLOWERS for VASES / descansos,Rent was cheap and we were free,"Started over, Tennessee",I wish that feelin' stuck around,1
Inordinary,FLOWERS for VASES / descansos,I wish that feelin' stuck around,Rent was cheap and we were free,There's a beauty to be found,1
Inordinary,FLOWERS for VASES / descansos,There's a beauty to be found,I wish that feelin' stuck around,Mmm,1
Inordinary,FLOWERS for VASES / descansos,Mmm,There's a beauty to be found,"In the ordinary, ordinary, ordinary",1
Inordinary,FLOWERS for VASES / descansos,"In the ordinary, ordinary, ordinary",Mmm,"In the ordinary, ordinary",1
Inordinary,FLOWERS for VASES / descansos,"In the ordinary, ordinary","In the ordinary, ordinary, ordinary","In the ordinary, ordinary, ordinary",1
Inordinary,FLOWERS for VASES / descansos,"In the ordinary, ordinary, ordinary","In the ordinary, ordinary","In the ordinary, ordinary",1
Inordinary,FLOWERS for VASES / descansos,"In the ordinary, ordinary","In the ordinary, ordinary, ordinary","(I was inordinary, ordinary)",1
Inordinary,FLOWERS for VASES / descansos,"(I was inordinary, ordinary)","In the ordinary, ordinary","(I wasn't ordinary, ordinary, ordinary)",1
Inordinary,FLOWERS for VASES / descansos,"(I wasn't ordinary, ordinary, ordinary)","(I was inordinary, ordinary)",,1
HYD,FLOWERS for VASES / descansos,When the air is quiet and the sky is blue,,I can't help be reminded of yo -,1
HYD,FLOWERS for VASES / descansos,I can't help be reminded of yo -,When the air is quiet and the sky is blue,Are you,1
HYD,FLOWERS for VASES / descansos,Are you,I can't help be reminded of yo -,fucking kidding me?,1
HYD,FLOWERS for VASES / descansos,fucking kidding me?,Are you,When the air is quiet and the sky is blue,1
HYD,FLOWERS for VASES / descansos,When the air is quiet and the sky is blue,fucking kidding me?,I can't help be reminded of you,1
HYD,FLOWERS for VASES / descansos,I can't help be reminded of you,When the air is quiet and the sky is blue,How your eyes are shut so you cannot see,1
HYD,FLOWERS for VASES / descansos,How your eyes are shut so you cannot see,I can't help be reminded of you,Just how very close I keep you to me,1
HYD,FLOWERS for VASES / descansos,Just how very close I keep you to me,How your eyes are shut so you cannot see,And in that dark little place you have made,1
HYD,FLOWERS for VASES / descansos,And in that dark little place you have made,Just how very close I keep you to me,You'd swear all these pretty clouds are gray,1
HYD,FLOWERS for VASES / descansos,You'd swear all these pretty clouds are gray,And in that dark little place you have made,I wonder how you're doing,1
HYD,FLOWERS for VASES / descansos,I wonder how you're doing,You'd swear all these pretty clouds are gray,How you're doing now,1
HYD,FLOWERS for VASES / descansos,How you're doing now,I wonder how you're doing,"In a million years, never thought I'd see",1
HYD,FLOWERS for VASES / descansos,"In a million years, never thought I'd see",How you're doing now,The day you would choose your fear over me,1
HYD,FLOWERS for VASES / descansos,The day you would choose your fear over me,"In a million years, never thought I'd see",'Cause many storms have come and if not for you,1
HYD,FLOWERS for VASES / descansos,'Cause many storms have come and if not for you,The day you would choose your fear over me,"I'd have been struck down, disappeared at sea",1
HYD,FLOWERS for VASES / descansos,"I'd have been struck down, disappeared at sea",'Cause many storms have come and if not for you,I know it's hard for you to take a compliment,1
HYD,FLOWERS for VASES / descansos,I know it's hard for you to take a compliment,"I'd have been struck down, disappeared at sea",But my life began the day which you came in it,1
HYD,FLOWERS for VASES / descansos,But my life began the day which you came in it,I know it's hard for you to take a compliment,I wonder how you view me,1
HYD,FLOWERS for VASES / descansos,I wonder how you view me,But my life began the day which you came in it,How you view me now,1
HYD,FLOWERS for VASES / descansos,How you view me now,I wonder how you view me,"On a night like this, it's just me and the kid",1
HYD,FLOWERS for VASES / descansos,"On a night like this, it's just me and the kid",How you view me now,And there's a chair for you where you'd always sit,1
HYD,FLOWERS for VASES / descansos,And there's a chair for you where you'd always sit,"On a night like this, it's just me and the kid",And we would talk for hours about the dumbest shit,1
HYD,FLOWERS for VASES / descansos,And we would talk for hours about the dumbest shit,And there's a chair for you where you'd always sit,And you would always start my cigarette,1
HYD,FLOWERS for VASES / descansos,And you would always start my cigarette,And we would talk for hours about the dumbest shit,I wonder if you ever quit like you wanted,1
HYD,FLOWERS for VASES / descansos,I wonder if you ever quit like you wanted,And you would always start my cigarette,"I bet you did, I bet you did",1
HYD,FLOWERS for VASES / descansos,"I bet you did, I bet you did",I wonder if you ever quit like you wanted,"I bet you did, I bet you did",1
HYD,FLOWERS for VASES / descansos,"I bet you did, I bet you did","I bet you did, I bet you did",How you doing?,1
HYD,FLOWERS for VASES / descansos,How you doing?,"I bet you did, I bet you did",,1
No Use I Just Do,FLOWERS for VASES / descansos,Nobody wants to be alone,,But that is not why I want you,1
No Use I Just Do,FLOWERS for VASES / descansos,But that is not why I want you,Nobody wants to be alone,"See, I've tried and I keep trying, but baby",1
No Use I Just Do,FLOWERS for VASES / descansos,"See, I've tried and I keep trying, but baby",But that is not why I want you,"It's no use, it's no use, I just love you",1
No Use I Just Do,FLOWERS for VASES / descansos,"It's no use, it's no use, I just love you","See, I've tried and I keep trying, but baby","It's no use, I just love you",1
No Use I Just Do,FLOWERS for VASES / descansos,"It's no use, I just love you","It's no use, it's no use, I just love you","It's no use, I just love you",1
No Use I Just Do,FLOWERS for VASES / descansos,"It's no use, I just love you","It's no use, I just love you","It's no use, I just love you",5
No Use I Just Do,FLOWERS for VASES / descansos,"It's no use, I just love you","It's no use, I just love you",If I just wanted someone to hold,1
No Use I Just Do,FLOWERS for VASES / descansos,If I just wanted someone to hold,"It's no use, I just love you","Then really, anyone would do",1
No Use I Just Do,FLOWERS for VASES / descansos,"Then really, anyone would do",If I just wanted someone to hold,I close my eyes and really try,1
No Use I Just Do,FLOWERS for VASES / descansos,I close my eyes and really try,"Then really, anyone would do",Not to turn 'em into you,1
No Use I Just Do,FLOWERS for VASES / descansos,Not to turn 'em into you,I close my eyes and really try,"It's no use, I just love you",1
No Use I Just Do,FLOWERS for VASES / descansos,"It's no use, I just love you",Not to turn 'em into you,"It's no use, I just love you",1
No Use I Just Do,FLOWERS for VASES / descansos,"It's no use, I just love you","It's no use, I just love you","It's no use, I just do",1
No Use I Just Do,FLOWERS for VASES / descansos,"It's no use, I just do","It's no use, I just love you","It's no use, I just love you, mmm",1
No Use I Just Do,FLOWERS for VASES / descansos,"It's no use, I just love you, mmm","It's no use, I just do","It's no use, I just love you",1
No Use I Just Do,FLOWERS for VASES / descansos,"It's no use, I just love you","It's no use, I just love you, mmm","It's no use, I just love you, mmm",1
No Use I Just Do,FLOWERS for VASES / descansos,"It's no use, I just love you, mmm","It's no use, I just love you","It's no use, I just love you",1
No Use I Just Do,FLOWERS for VASES / descansos,"It's no use, I just love you","It's no use, I just love you, mmm","It's no use, I just love you",1
No Use I Just Do,FLOWERS for VASES / descansos,"It's no use, I just love you","It's no use, I just love you",Mmm,1
No Use I Just Do,FLOWERS for VASES / descansos,Mmm,"It's no use, I just love you","It's no use, I just love you",1
No Use I Just Do,FLOWERS for VASES / descansos,"It's no use, I just love you",Mmm,"It's no use, I just love you",1
No Use I Just Do,FLOWERS for VASES / descansos,"It's no use, I just love you","It's no use, I just love you",,1
Find Me Here,FLOWERS for VASES / descansos,No one can hold your hand,,Now through the delicate darkness you go,1
Find Me Here,FLOWERS for VASES / descansos,Now through the delicate darkness you go,No one can hold your hand,If I trespass even one step,1
Find Me Here,FLOWERS for VASES / descansos,If I trespass even one step,Now through the delicate darkness you go,"It all just disappears, clock starts over",1
Find Me Here,FLOWERS for VASES / descansos,"It all just disappears, clock starts over",If I trespass even one step,"As long as I am loving you, you'll never be alone",1
Find Me Here,FLOWERS for VASES / descansos,"As long as I am loving you, you'll never be alone","It all just disappears, clock starts over",As long as you keep wanting me around,1
Find Me Here,FLOWERS for VASES / descansos,As long as you keep wanting me around,"As long as I am loving you, you'll never be alone",But this is one trip you're gonna have to take alone,1
Find Me Here,FLOWERS for VASES / descansos,But this is one trip you're gonna have to take alone,As long as you keep wanting me around,"When you come back, you'll find me here where I belong",1
Find Me Here,FLOWERS for VASES / descansos,"When you come back, you'll find me here where I belong",But this is one trip you're gonna have to take alone,"Hmm, hmm",1
Find Me Here,FLOWERS for VASES / descansos,"Hmm, hmm","When you come back, you'll find me here where I belong","La, la, la, la, hmm, hmm",1
Find Me Here,FLOWERS for VASES / descansos,"La, la, la, la, hmm, hmm","Hmm, hmm","Soft like sand, sift through your hands",1
Find Me Here,FLOWERS for VASES / descansos,"Soft like sand, sift through your hands","La, la, la, la, hmm, hmm",Memories we both agree are not reality,1
Find Me Here,FLOWERS for VASES / descansos,Memories we both agree are not reality,"Soft like sand, sift through your hands","As long as you are loving me, I know I'm not alone",1
Find Me Here,FLOWERS for VASES / descansos,"As long as you are loving me, I know I'm not alone",Memories we both agree are not reality,Even if you're nowhere to be found,1
Find Me Here,FLOWERS for VASES / descansos,Even if you're nowhere to be found,"As long as you are loving me, I know I'm not alone",Sometimes life takes you back to places you run from,1
Find Me Here,FLOWERS for VASES / descansos,Sometimes life takes you back to places you run from,Even if you're nowhere to be found,I'll be right here if ever you come home,1
Find Me Here,FLOWERS for VASES / descansos,I'll be right here if ever you come home,Sometimes life takes you back to places you run from,,1
Just a Lover,FLOWERS for VASES / descansos,"Love is not a friend, it's not a brother",,Love is not a Wendy-Moira-mother,1
Just a Lover,FLOWERS for VASES / descansos,Love is not a Wendy-Moira-mother,"Love is not a friend, it's not a brother",Love has turned me into many others,1
Just a Lover,FLOWERS for VASES / descansos,Love has turned me into many others,Love is not a Wendy-Moira-mother,", now I guess I'm just",1
Just a Lover,FLOWERS for VASES / descansos,", now I guess I'm just",Love has turned me into many others,Just a lover,1
Just a Lover,FLOWERS for VASES / descansos,Just a lover,", now I guess I'm just",Once upon a time when we were school kids,1
Just a Lover,FLOWERS for VASES / descansos,Once upon a time when we were school kids,Just a lover,Mix CDs and carpool kids,1
Just a Lover,FLOWERS for VASES / descansos,Mix CDs and carpool kids,Once upon a time when we were school kids,No little cameras to witness,1
Just a Lover,FLOWERS for VASES / descansos,No little cameras to witness,Mix CDs and carpool kids,Really hope we don't wreck this,1
Just a Lover,FLOWERS for VASES / descansos,Really hope we don't wreck this,No little cameras to witness,When you're coming over,1
Just a Lover,FLOWERS for VASES / descansos,When you're coming over,Really hope we don't wreck this,Just a lover,1
Just a Lover,FLOWERS for VASES / descansos,Just a lover,When you're coming over,"Space and time, waking hours before I open my eyes",1
Just a Lover,FLOWERS for VASES / descansos,"Space and time, waking hours before I open my eyes",Just a lover,"In the morning, I feel my heart crack open, one last chorus",1
Just a Lover,FLOWERS for VASES / descansos,"In the morning, I feel my heart crack open, one last chorus","Space and time, waking hours before I open my eyes","Space and time, waking hours before I open my eyes",1
Just a Lover,FLOWERS for VASES / descansos,"Space and time, waking hours before I open my eyes","In the morning, I feel my heart crack open, one last chorus","In the morning, I feel my heart crack open, one last chorus",1
Just a Lover,FLOWERS for VASES / descansos,"In the morning, I feel my heart crack open, one last chorus","Space and time, waking hours before I open my eyes",I'll be singing into empty glasses,1
Just a Lover,FLOWERS for VASES / descansos,I'll be singing into empty glasses,"In the morning, I feel my heart crack open, one last chorus",No more music for the masses,1
Just a Lover,FLOWERS for VASES / descansos,No more music for the masses,I'll be singing into empty glasses,"One more hour, one more ugly, stillborn cry",1
Just a Lover,FLOWERS for VASES / descansos,"One more hour, one more ugly, stillborn cry",No more music for the masses,I know exactly what this is,1
Just a Lover,FLOWERS for VASES / descansos,I know exactly what this is,"One more hour, one more ugly, stillborn cry","Or whatever it was, or whatever it was",1
Just a Lover,FLOWERS for VASES / descansos,"Or whatever it was, or whatever it was",I know exactly what this is,,1
kill me,EGO,Eldest daughters never miss their chances,,To learn the hardest lessons again and again,1
kill me,EGO,To learn the hardest lessons again and again,Eldest daughters never miss their chances,Carrying my mother's mother's torment,1
kill me,EGO,Carrying my mother's mother's torment,To learn the hardest lessons again and again,I think I'm where the bloodline ends,1
kill me,EGO,I think I'm where the bloodline ends,Carrying my mother's mother's torment,I'll never do the right thing again,1
kill me,EGO,I'll never do the right thing again,I think I'm where the bloodline ends,"Go ahead and kill me, can't get much stronger",1
kill me,EGO,"Go ahead and kill me, can't get much stronger",I'll never do the right thing again,"Find another soldier, another soldier",1
kill me,EGO,"Find another soldier, another soldier","Go ahead and kill me, can't get much stronger","Go ahead and kill me, can't get much stronger",1
kill me,EGO,"Go ahead and kill me, can't get much stronger","Find another soldier, another soldier","Find another soldier, another soldier",2
kill me,EGO,"Find another soldier, another soldier","Go ahead and kill me, can't get much stronger",Eldest daughter comes to stop their cycle,1
kill me,EGO,Eldest daughter comes to stop their cycle,"Find another soldier, another soldier",A job you never asked for is paying in dust,1
kill me,EGO,A job you never asked for is paying in dust,Eldest daughter comes to stop their cycle,Setting down your mother's mother's torment,1
kill me,EGO,Setting down your mother's mother's torment,A job you never asked for is paying in dust,Save yourself or make room for us,1
kill me,EGO,Save yourself or make room for us,Setting down your mother's mother's torment,'Cause either way we live in your blood,1
kill me,EGO,'Cause either way we live in your blood,Save yourself or make room for us,"Go ahead and kill me, can't get much stronger",1
kill me,EGO,"Go ahead and kill me, can't get much stronger",'Cause either way we live in your blood,"Find another soldier, another soldier",1
kill me,EGO,"Find another soldier, another soldier","Go ahead and kill me, can't get much stronger","Go ahead and kill me, can't get much stronger (Ah-ah-ah)",3
kill me,EGO,"Go ahead and kill me, can't get much stronger (Ah-ah-ah)","Find another soldier, another soldier","Find another soldier, another soldier (Jesus Christ get me out of here)",1
kill me,EGO,"Find another soldier, another soldier (Jesus Christ get me out of here)","Go ahead and kill me, can't get much stronger (Ah-ah-ah)",I'm sorry that you're going through something hard,1
kill me,EGO,I'm sorry that you're going through something hard,"Find another soldier, another soldier (Jesus Christ get me out of here)",I'm sorry that you're going through something hard,1
kill me,EGO,I'm sorry that you're going through something hard,I'm sorry that you're going through something hard,"Go ahead and kill me, can't get much stronger",1
kill me,EGO,"Go ahead and kill me, can't get much stronger",I'm sorry that you're going through something hard,"Find another soldier, another soldier",1
kill me,EGO,"Go ahead and kill me, can't get much stronger (Ah-ah-ah)","Find another soldier, another soldier","Find another soldier, another soldier",2
kill me,EGO,"Find another soldier, another soldier","Go ahead and kill me, can't get much stronger (Ah-ah-ah)","Go ahead and kill me, can't get much stronger",1
kill me,EGO,"Find another soldier, another soldier","Go ahead and kill me, can't get much stronger (Ah-ah-ah)",,1
True Believer,EGO,Tourists stumble down Broadway,,Cumberland keeps claiming bodies,1
True Believer,EGO,Cumberland keeps claiming bodies,Tourists stumble down Broadway,All our best memories were bought and then turned into apartments,1
True Believer,EGO,All our best memories were bought and then turned into apartments,Cumberland keeps claiming bodies,The club with all the hardcore shows now just a grayscale Domino's,1
True Believer,EGO,The club with all the hardcore shows now just a grayscale Domino's,All our best memories were bought and then turned into apartments,"The churches overflow each Sunday, greedy Sunday morning",1
True Believer,EGO,"The churches overflow each Sunday, greedy Sunday morning",The club with all the hardcore shows now just a grayscale Domino's,Giftshop in the lobby,1
True Believer,EGO,Giftshop in the lobby,"The churches overflow each Sunday, greedy Sunday morning",Act like God ain't watching,1
True Believer,EGO,Act like God ain't watching,Giftshop in the lobby,"Kill the soul, turn a profit",1
True Believer,EGO,"Kill the soul, turn a profit",Act like God ain't watching,"What lives on, Southern Gotham",1
True Believer,EGO,"What lives on, Southern Gotham","Kill the soul, turn a profit",I'm the one who still loves your ghost,1
True Believer,EGO,I'm the one who still loves your ghost,"What lives on, Southern Gotham",I reanimate your bones with my belief,1
True Believer,EGO,I reanimate your bones with my belief,I'm the one who still loves your ghost,I'm the one who still loves your ghost,2
True Believer,EGO,I'm the one who still loves your ghost,I reanimate your bones with my belief,I reanimate your bones 'cause I'm a true believer,2
True Believer,EGO,I reanimate your bones 'cause I'm a true believer,I'm the one who still loves your ghost,They put up chain-link fences underneath the biggest bridges,1
True Believer,EGO,They put up chain-link fences underneath the biggest bridges,I reanimate your bones 'cause I'm a true believer,They pose in Christmas cards with guns as big as all the children,1
True Believer,EGO,They pose in Christmas cards with guns as big as all the children,They put up chain-link fences underneath the biggest bridges,They say that Jesus is the way but then they gave him a white face,1
True Believer,EGO,They say that Jesus is the way but then they gave him a white face,They pose in Christmas cards with guns as big as all the children,So that they don't have to pray to someone they deem lesser than them,1
True Believer,EGO,So that they don't have to pray to someone they deem lesser than them,They say that Jesus is the way but then they gave him a white face,The South will not rise again,1
True Believer,EGO,The South will not rise again,So that they don't have to pray to someone they deem lesser than them,'Til it's paid for every sin,1
True Believer,EGO,'Til it's paid for every sin,The South will not rise again,Strange fruit,1
True Believer,EGO,Strange fruit,'Til it's paid for every sin,", hard bargain",1
True Believer,EGO,", hard bargain",Strange fruit,Till the roots,1
True Believer,EGO,Till the roots,", hard bargain",", Southern Gotham",1
True Believer,EGO,", Southern Gotham",Till the roots,I'm the one who still loves your ghost,1
True Believer,EGO,I'm the one who still loves your ghost,", Southern Gotham",I reanimate your bones with my belief,1
True Believer,EGO,I reanimate your bones 'cause I'm a true believer,I'm the one who still loves your ghost,I'm the one who still loves your ghost,1
True Believer,EGO,I'm the one who still loves your ghost,I reanimate your bones 'cause I'm a true believer,I reanimate your bones with my belief,1
True Believer,EGO,I reanimate your bones with my belief,I'm the one who still loves your ghost,I'm the one who still loves your ghost (Ah-ah),1
True Believer,EGO,I'm the one who still loves your ghost (Ah-ah),I reanimate your bones with my belief,I reanimate your bones 'cause I'm a true believer (Ah-ah-ah),1
True Believer,EGO,I reanimate your bones 'cause I'm a true believer (Ah-ah-ah),I'm the one who still loves your ghost (Ah-ah),,1
Blood Bros,EGO,"Whatever you do, whatever you say",,By now you should know I'll love you the same,1
Blood Bros,EGO,By now you should know I'll love you the same,"Whatever you do, whatever you say","Filled up to the brim, pour a little out each day",1
Blood Bros,EGO,"Filled up to the brim, pour a little out each day",By now you should know I'll love you the same,'Til it's not quite empty and we swim just above the drain,1
Blood Bros,EGO,'Til it's not quite empty and we swim just above the drain,"Filled up to the brim, pour a little out each day",'Til we're just two fishes,1
Blood Bros,EGO,'Til we're just two fishes,'Til it's not quite empty and we swim just above the drain,Flippin' on dry land,1
Blood Bros,EGO,Flippin' on dry land,'Til we're just two fishes,"Hook, line and sinker",1
Blood Bros,EGO,"Hook, line and sinker",Flippin' on dry land,Covered in sand,1
Blood Bros,EGO,Covered in sand,"Hook, line and sinker","Whatever I did, whatever I said",1
Blood Bros,EGO,"Whatever I did, whatever I said",Covered in sand,Would you come back to get me if you had the chance again?,1
Blood Bros,EGO,Would you come back to get me if you had the chance again?,"Whatever I did, whatever I said",Would you rush to the bottom of my black tar heart?,1
Blood Bros,EGO,Would you rush to the bottom of my black tar heart?,Would you come back to get me if you had the chance again?,Would you want me to stop you if that'd take all I've got?,1
Blood Bros,EGO,Would you want me to stop you if that'd take all I've got?,Would you rush to the bottom of my black tar heart?,Now we're just blood brothers,1
Blood Bros,EGO,Now we're just blood brothers,Would you want me to stop you if that'd take all I've got?,Covered in paper cuts,1
Blood Bros,EGO,Covered in paper cuts,Now we're just blood brothers,With a bond like no other,1
Blood Bros,EGO,With a bond like no other,Covered in paper cuts,Was it ever enough?,1
Blood Bros,EGO,Was it ever enough?,With a bond like no other,"Whenever you want, whenever you need",1
Blood Bros,EGO,"Whenever you want, whenever you need",Was it ever enough?,I could move in closer or I can leave,1
Blood Bros,EGO,I could move in closer or I can leave,"Whenever you want, whenever you need",If anything helps you or if anything hurts,1
Blood Bros,EGO,If anything helps you or if anything hurts,I could move in closer or I can leave,I will love you forever if that won't make it worse,1
Blood Bros,EGO,I will love you forever if that won't make it worse,If anything helps you or if anything hurts,,1
Negative Self Talk,EGO,Negative self-talk,,A veteran self-taught,1
Negative Self Talk,EGO,A veteran self-taught,Negative self-talk,"Et cetera, on and on",1
Negative Self Talk,EGO,"Et cetera, on and on",A veteran self-taught,I'm sick of hearing myself talk,1
Negative Self Talk,EGO,I'm sick of hearing myself talk,"Et cetera, on and on",The long walk between the car and the house,1
Negative Self Talk,EGO,The long walk between the car and the house,I'm sick of hearing myself talk,I just sit behind the wheel 'til the battery runs out,1
Negative Self Talk,EGO,I just sit behind the wheel 'til the battery runs out,The long walk between the car and the house,"Home is where we were loud, used to sing down the hall",1
Negative Self Talk,EGO,"Home is where we were loud, used to sing down the hall",I just sit behind the wheel 'til the battery runs out,To your signature sound,1
Negative Self Talk,EGO,To your signature sound,"Home is where we were loud, used to sing down the hall","Now it's just so quiet, I hate this gorgeous house",1
Negative Self Talk,EGO,"Now it's just so quiet, I hate this gorgeous house",To your signature sound,Can't hear my heart beat over emptiness now,1
Negative Self Talk,EGO,Can't hear my heart beat over emptiness now,"Now it's just so quiet, I hate this gorgeous house","Chorus of my worst thoughts, drawing curtains shut",1
Negative Self Talk,EGO,"Chorus of my worst thoughts, drawing curtains shut",Can't hear my heart beat over emptiness now,As hope takes a bow,1
Negative Self Talk,EGO,As hope takes a bow,"Chorus of my worst thoughts, drawing curtains shut",(Now all I hear is),1
Negative Self Talk,EGO,(Now all I hear is),As hope takes a bow,"Negative self-talk (Yeah, all I hear is)",1
Negative Self Talk,EGO,"Negative self-talk (Yeah, all I hear is)",(Now all I hear is),A veteran self-taught (All I hear is),1
Negative Self Talk,EGO,A veteran self-taught (All I hear is),"Negative self-talk (Yeah, all I hear is)","Et cetera, on and on (All I hear is)",2
Negative Self Talk,EGO,"Et cetera, on and on (All I hear is)",A veteran self-taught (All I hear is),I'm sick of hearing myself talk,2
Negative Self Talk,EGO,I'm sick of hearing myself talk,"Et cetera, on and on (All I hear is)","I write like a volcano, projectile spewing out",1
Negative Self Talk,EGO,"I write like a volcano, projectile spewing out",I'm sick of hearing myself talk,"Quiet mind's a loaded cannon, who's it aimed at now?",1
Negative Self Talk,EGO,"Quiet mind's a loaded cannon, who's it aimed at now?","I write like a volcano, projectile spewing out","And the tip of my tongue, tip of the iceberg",1
Negative Self Talk,EGO,"And the tip of my tongue, tip of the iceberg","Quiet mind's a loaded cannon, who's it aimed at now?","Turn Titanic around, let me thaw out",1
Negative Self Talk,EGO,"Turn Titanic around, let me thaw out","And the tip of my tongue, tip of the iceberg",('Cause all I hear is),1
Negative Self Talk,EGO,('Cause all I hear is),"Turn Titanic around, let me thaw out","Negative self-talk (Yeah, all I hear is)",1
Negative Self Talk,EGO,"Negative self-talk (Yeah, all I hear is)",('Cause all I hear is),A veteran self-taught (All I hear is),1
Negative Self Talk,EGO,I'm sick of hearing myself talk,"Et cetera, on and on (All I hear is)",Sung over the bones of you,1
Negative Self Talk,EGO,Sung over the bones of you,I'm sick of hearing myself talk,and I,1
Negative Self Talk,EGO,and I,Sung over the bones of you,"It works but in two days, he wields in my mind",1
Negative Self Talk,EGO,"It works but in two days, he wields in my mind",and I,"I am Vasilisa, guide me through the night",1
Negative Self Talk,EGO,"I am Vasilisa, guide me through the night","It works but in two days, he wields in my mind",Nothing more will enter me but why (Ooh-ooh),1
Negative Self Talk,EGO,Nothing more will enter me but why (Ooh-ooh),"I am Vasilisa, guide me through the night",(And I won't hear it),1
Negative Self Talk,EGO,(And I won't hear it),Nothing more will enter me but why (Ooh-ooh),Negative self-talk (Now I won't hear it),1
Negative Self Talk,EGO,Negative self-talk (Now I won't hear it),(And I won't hear it),"A veteran self-taught (No, I won't hear it)",1
Negative Self Talk,EGO,"A veteran self-taught (No, I won't hear it)",Negative self-talk (Now I won't hear it),"Et cetera, on and on (Now I won't hear it)",1
Negative Self Talk,EGO,"Et cetera, on and on (Now I won't hear it)","A veteran self-taught (No, I won't hear it)",I'm sick of hearing myself talk,1
Negative Self Talk,EGO,I'm sick of hearing myself talk,"Et cetera, on and on (Now I won't hear it)","Ooh-ooh (No, I won't hear it)",1
Negative Self Talk,EGO,"Ooh-ooh (No, I won't hear it)",I'm sick of hearing myself talk,"Ooh-ooh (No, I won't hear it)",1
Negative Self Talk,EGO,"Ooh-ooh (No, I won't hear it)","Ooh-ooh (No, I won't hear it)","Ooh-ooh (No, I won't hear it)",2
Negative Self Talk,EGO,"Ooh-ooh (No, I won't hear it)","Ooh-ooh (No, I won't hear it)",,1
Ego Death at a Bachelorette Party,EGO,I'll be the biggest star at this racist country singer's bar,,"No use shootin' for the moon, no use chasing waterfalls",1
Ego Death at a Bachelorette Party,EGO,"No use shootin' for the moon, no use chasing waterfalls",I'll be the biggest star at this racist country singer's bar,I'm the biggest star at this racist country singer's bar,1
Ego Death at a Bachelorette Party,EGO,I'm the biggest star at this racist country singer's bar,"No use shootin' for the moon, no use chasing waterfalls","No use shootin' for the moon, no use chasing waterfalls",1
Ego Death at a Bachelorette Party,EGO,"No use shootin' for the moon, no use chasing waterfalls",I'm the biggest star at this racist country singer's bar,Can only go up from here,1
Ego Death at a Bachelorette Party,EGO,Can only go up from here,"No use shootin' for the moon, no use chasing waterfalls",Can only go up from here,2
Ego Death at a Bachelorette Party,EGO,Can only go up from here,Can only go up from here,Can only go up from here,4
Ego Death at a Bachelorette Party,EGO,Can only go up from here,Can only go up from here,"Can only go up, can only go up",4
Ego Death at a Bachelorette Party,EGO,"Can only go up, can only go up",Can only go up from here,Can only go up from here,2
Ego Death at a Bachelorette Party,EGO,Can only go up from here,"Can only go up, can only go up",Can only go up from here,2
Ego Death at a Bachelorette Party,EGO,"Can only go up, can only go up",Can only go up from here,I'll be the biggest star at this bachelorette party bar,1
Ego Death at a Bachelorette Party,EGO,I'll be the biggest star at this bachelorette party bar,"Can only go up, can only go up","No use shootin' for the moon, no use chasing waterfalls",1
Ego Death at a Bachelorette Party,EGO,"No use shootin' for the moon, no use chasing waterfalls",I'll be the biggest star at this bachelorette party bar,I'm,1
Ego Death at a Bachelorette Party,EGO,I'm,"No use shootin' for the moon, no use chasing waterfalls",the biggest star at this bachelorette party bar,1
Ego Death at a Bachelorette Party,EGO,the biggest star at this bachelorette party bar,I'm,"No use shootin' for the moon, no use chasing waterfalls",1
Ego Death at a Bachelorette Party,EGO,"No use shootin' for the moon, no use chasing waterfalls",the biggest star at this bachelorette party bar,Can only go up from here,1
Ego Death at a Bachelorette Party,EGO,"Can only go up, can only go up",Can only go up from here,Ah-ah,1
Ego Death at a Bachelorette Party,EGO,Ah-ah,"Can only go up, can only go up",Mm-mm,1
Ego Death at a Bachelorette Party,EGO,Mm-mm,Ah-ah,Got too big for my britches,1
Ego Death at a Bachelorette Party,EGO,Got too big for my britches,Mm-mm,Too big for my fishes,1
Ego Death at a Bachelorette Party,EGO,Too big for my fishes,Got too big for my britches,The sea got shallower every day,1
Ego Death at a Bachelorette Party,EGO,The sea got shallower every day,Too big for my fishes,"I danced, I said my prayers, it never rained",1
Ego Death at a Bachelorette Party,EGO,"I danced, I said my prayers, it never rained",The sea got shallower every day,And I just want to be in California,1
Ego Death at a Bachelorette Party,EGO,And I just want to be in California,"I danced, I said my prayers, it never rained",Heaven laughs 'cause they all tried to warn us,1
Ego Death at a Bachelorette Party,EGO,Heaven laughs 'cause they all tried to warn us,And I just want to be in California,They sent me right back from where I came,1
Ego Death at a Bachelorette Party,EGO,They sent me right back from where I came,Heaven laughs 'cause they all tried to warn us,My tail between my legs on Broadway,1
Ego Death at a Bachelorette Party,EGO,My tail between my legs on Broadway,They sent me right back from where I came,I'll be the biggest star at this fucking karaoke bar,1
Ego Death at a Bachelorette Party,EGO,I'll be the biggest star at this fucking karaoke bar,My tail between my legs on Broadway,"No use shootin' for the moon, no use chasing waterfalls",1
Ego Death at a Bachelorette Party,EGO,"No use shootin' for the moon, no use chasing waterfalls",I'll be the biggest star at this fucking karaoke bar,I'm the biggest star at this fucking karaoke bar,1
Ego Death at a Bachelorette Party,EGO,I'm the biggest star at this fucking karaoke bar,"No use shootin' for the moon, no use chasing waterfalls","No use shootin' for the moon, no use chasing waterfalls",1
Ego Death at a Bachelorette Party,EGO,"No use shootin' for the moon, no use chasing waterfalls",I'm the biggest star at this fucking karaoke bar,,1
Mirtazapine,EGO,For when the heart's a sinking stone,,That's smashed and fusing to your bones,1
Mirtazapine,EGO,That's smashed and fusing to your bones,For when the heart's a sinking stone,For when you're crying at the sky,1
Mirtazapine,EGO,For when you're crying at the sky,That's smashed and fusing to your bones,And losing all your appetite,1
Mirtazapine,EGO,And losing all your appetite,For when you're crying at the sky,Here come my genie in a screw cap bottle,1
Mirtazapine,EGO,Here come my genie in a screw cap bottle,And losing all your appetite,To grant me temporary solace,1
Mirtazapine,EGO,To grant me temporary solace,Here come my genie in a screw cap bottle,I could never be without her,2
Mirtazapine,EGO,I could never be without her,To grant me temporary solace,I had to write a song about her,2
Mirtazapine,EGO,I had to write a song about her,I could never be without her,Who am I without you now?,2
Mirtazapine,EGO,Who am I without you now?,I had to write a song about her,Mirtazapine,2
Mirtazapine,EGO,Mirtazapine,Who am I without you now?,"You make me eat, you make me sleep",2
Mirtazapine,EGO,"You make me eat, you make me sleep",Mirtazapine,Mirtazapine,4
Mirtazapine,EGO,Mirtazapine,"You make me eat, you make me sleep","You let me dream, you let me dream",4
Mirtazapine,EGO,"You let me dream, you let me dream",Mirtazapine,Ah-ha,3
Mirtazapine,EGO,Ah-ha,"You let me dream, you let me dream",For when you're happy for a day,1
Mirtazapine,EGO,For when you're happy for a day,Ah-ha,Then wake up to remembering,1
Mirtazapine,EGO,Then wake up to remembering,For when you're happy for a day,That things will never be the same,1
Mirtazapine,EGO,That things will never be the same,Then wake up to remembering,Feels like it's your fault it turned out that way,1
Mirtazapine,EGO,Feels like it's your fault it turned out that way,That things will never be the same,Here come my genie in a screw cap bottle,1
Mirtazapine,EGO,Here come my genie in a screw cap bottle,Feels like it's your fault it turned out that way,To grant me temporary solace,1
Mirtazapine,EGO,Ah-ha,"You let me dream, you let me dream","Ah-ah, ah-ah",1
Mirtazapine,EGO,"Ah-ah, ah-ah",Ah-ha,"Mirtazapine, oh, oh",1
Mirtazapine,EGO,"Mirtazapine, oh, oh","Ah-ah, ah-ah",Mirtazapine,1
Mirtazapine,EGO,Mirtazapine,"Mirtazapine, oh, oh","You make me eat, you make me sleep",1
Mirtazapine,EGO,"You let me dream, you let me dream",Mirtazapine,Mirtazapine,1
Mirtazapine,EGO,Mirtazapine,"You let me dream, you let me dream","You make me eat, you make me sleep",1
Mirtazapine,EGO,Ah-ha,"You let me dream, you let me dream","Ah-ah, ah-ah-ah, ah",1
Mirtazapine,EGO,"Ah-ah, ah-ah-ah, ah",Ah-ha,"Ah, ah, ah, ah, ah",1
Mirtazapine,EGO,"Ah, ah, ah, ah, ah","Ah-ah, ah-ah-ah, ah",,1
Ice In My OJ,EGO,"Ah, ah-ah-ah, ah",,"Ah, ah-ah-ah, ah",1
Ice In My OJ,EGO,"Ah, ah-ah-ah, ah","Ah, ah-ah-ah, ah",I'm spinning circles and I can't deny,1
Ice In My OJ,EGO,I'm spinning circles and I can't deny,"Ah, ah-ah-ah, ah",Floating on your love like a butterfly,1
Ice In My OJ,EGO,Floating on your love like a butterfly,I'm spinning circles and I can't deny,"Got me jumping inside, thinking about you",1
Ice In My OJ,EGO,"Got me jumping inside, thinking about you",Floating on your love like a butterfly,"No secrets, no games to play",1
Ice In My OJ,EGO,"No secrets, no games to play","Got me jumping inside, thinking about you","It's alright, it's okay, I never felt this way",1
Ice In My OJ,EGO,"It's alright, it's okay, I never felt this way","No secrets, no games to play","Got me jumping inside, thinking about you",1
Ice In My OJ,EGO,"Got me jumping inside, thinking about you","It's alright, it's okay, I never felt this way","Ah, ah-ah-ah, ah",1
Ice In My OJ,EGO,"Ah, ah-ah-ah, ah","Got me jumping inside, thinking about you","Ah, ah-ah-ah, ah",1
Ice In My OJ,EGO,"Ah, ah-ah-ah, ah","Ah, ah-ah-ah, ah","Ah, ah-ah-ah, ah (I'm in a band, I'm in a band)",1
Ice In My OJ,EGO,"Ah, ah-ah-ah, ah (I'm in a band, I'm in a band)","Ah, ah-ah-ah, ah","(I'm in a band, I'm in a band)",1
Ice In My OJ,EGO,"(I'm in a band, I'm in a band)","Ah, ah-ah-ah, ah (I'm in a band, I'm in a band)","Ah, ah-ah-ah, ah (I'm in a band, I'm in a band)",1
Ice In My OJ,EGO,"Ah, ah-ah-ah, ah (I'm in a band, I'm in a band)","(I'm in a band, I'm in a band)","(I'm in a band, I'm in a band)",1
Ice In My OJ,EGO,"(I'm in a band, I'm in a band)","Ah, ah-ah-ah, ah (I'm in a band, I'm in a band)","I got ice in my OJ, I'm a cold heart bitch",1
Ice In My OJ,EGO,"I got ice in my OJ, I'm a cold heart bitch","(I'm in a band, I'm in a band)",A lot of dumb motherfuckers that I made rich,1
Ice In My OJ,EGO,A lot of dumb motherfuckers that I made rich,"I got ice in my OJ, I'm a cold heart bitch",Might go back to Mississippi,1
Ice In My OJ,EGO,Might go back to Mississippi,A lot of dumb motherfuckers that I made rich,Careful I don't take you with me,1
Ice In My OJ,EGO,Careful I don't take you with me,Might go back to Mississippi,"I'm spinning circles and I can't deny (Ah, ah-ah-ah, ah)",1
Ice In My OJ,EGO,"I'm spinning circles and I can't deny (Ah, ah-ah-ah, ah)",Careful I don't take you with me,"Floating on your love like a butterfly (Ah, ah-ah-ah, ah)",1
Ice In My OJ,EGO,"Floating on your love like a butterfly (Ah, ah-ah-ah, ah)","I'm spinning circles and I can't deny (Ah, ah-ah-ah, ah)","Got me jumping inside, thinking about you (I'm thinking about you)",1
Ice In My OJ,EGO,"Got me jumping inside, thinking about you (I'm thinking about you)","Floating on your love like a butterfly (Ah, ah-ah-ah, ah)","No secrets, no games to play (Ah, ah-ah-ah, ah)",1
Ice In My OJ,EGO,"No secrets, no games to play (Ah, ah-ah-ah, ah)","Got me jumping inside, thinking about you (I'm thinking about you)","It's alright, it's okay, I never felt this way (Ah, ah-ah-ah, ah)",1
Ice In My OJ,EGO,"It's alright, it's okay, I never felt this way (Ah, ah-ah-ah, ah)","No secrets, no games to play (Ah, ah-ah-ah, ah)","Got me jumping inside, thinking about you (I'm thinking about you)",1
Ice In My OJ,EGO,"Got me jumping inside, thinking about you (I'm thinking about you)","It's alright, it's okay, I never felt this way (Ah, ah-ah-ah, ah)","Ah, ah-ah-ah, ah (I'm in a band, I'm in a band, she's in a band)",1
Ice In My OJ,EGO,"Ah, ah-ah-ah, ah (I'm in a band, I'm in a band, she's in a band)","Got me jumping inside, thinking about you (I'm thinking about you)","(I'm in a band, I'm in a band)",1
Ice In My OJ,EGO,"(I'm in a band, I'm in a band)","Ah, ah-ah-ah, ah (I'm in a band, I'm in a band, she's in a band)","Ah, ah-ah-ah, ah (I'm in a band, I'm in a band, she's in a band)",1
Ice In My OJ,EGO,"Ah, ah-ah-ah, ah (I'm in a band, I'm in a band, she's in a band)","(I'm in a band, I'm in a band)","(I'm in a band, I'm in a band)",1
Ice In My OJ,EGO,"(I'm in a band, I'm in a band)","Ah, ah-ah-ah, ah (I'm in a band, I'm in a band, she's in a band)","Got me jumping inside, thinking about you, you, you",1
Ice In My OJ,EGO,"Got me jumping inside, thinking about you, you, you","(I'm in a band, I'm in a band)","Got me jumping inside, thinking about you, you, you",1
Ice In My OJ,EGO,"Got me jumping inside, thinking about you, you, you","Got me jumping inside, thinking about you, you, you",,1
Brotherly Hate,EGO,"Brotherly love, brotherly hate",,Don't it sometimes feel like the same thing?,1
Brotherly Hate,EGO,Don't it sometimes feel like the same thing?,"Brotherly love, brotherly hate","Ah, ah-ah-ah-ah, ah, ah",3
Brotherly Hate,EGO,"Ah, ah-ah-ah-ah, ah, ah",Don't it sometimes feel like the same thing?,"However you bend, however you sway",3
Brotherly Hate,EGO,"However you bend, however you sway","Ah, ah-ah-ah-ah, ah, ah",Furious roots just won't give way,3
Brotherly Hate,EGO,Furious roots just won't give way,"However you bend, however you sway","Ah, ah-ah-ah-ah, ah, ah",3
Brotherly Hate,EGO,"Ah, ah-ah-ah-ah, ah, ah",Furious roots just won't give way,I've been laid out on your limbs,1
Brotherly Hate,EGO,I've been laid out on your limbs,"Ah, ah-ah-ah-ah, ah, ah",Carve my name into every one of them (Na),1
Brotherly Hate,EGO,Carve my name into every one of them (Na),I've been laid out on your limbs,"Please don't fall, please don't break",1
Brotherly Hate,EGO,"Please don't fall, please don't break",Carve my name into every one of them (Na),Please stay strong for all of our sakes,1
Brotherly Hate,EGO,Please stay strong for all of our sakes,"Please don't fall, please don't break",Uh-uh,1
Brotherly Hate,EGO,Uh-uh,Please stay strong for all of our sakes,Are you Siamese twins?,1
Brotherly Hate,EGO,Are you Siamese twins?,Uh-uh,Are you headed two ways?,1
Brotherly Hate,EGO,Are you headed two ways?,Are you Siamese twins?,Just asking for a friend,1
Brotherly Hate,EGO,Just asking for a friend,Are you headed two ways?,"You could make each other small, or make each other great",1
Brotherly Hate,EGO,"You could make each other small, or make each other great",Just asking for a friend,If you think that you could give more than you could take,1
Brotherly Hate,EGO,If you think that you could give more than you could take,"You could make each other small, or make each other great",Uh-uh,1
Brotherly Hate,EGO,Uh-uh,If you think that you could give more than you could take,Nick your hand,1
Brotherly Hate,EGO,Nick your hand,Uh-uh,Or spit into it,1
Brotherly Hate,EGO,Or spit into it,Nick your hand,Shake hands,3
Brotherly Hate,EGO,Shake hands,Or spit into it,That's how you do it,3
Brotherly Hate,EGO,That's how you do it,Shake hands,"Brotherly love, brotherly hate",1
Brotherly Hate,EGO,"Brotherly love, brotherly hate",That's how you do it,Don't it sometimes feel like the same thing?,1
Brotherly Hate,EGO,"Ah, ah-ah-ah-ah, ah, ah",Furious roots just won't give way,Blood oath,1
Brotherly Hate,EGO,Blood oath,"Ah, ah-ah-ah-ah, ah, ah",", baby, took a vow unspoken",1
Brotherly Hate,EGO,", baby, took a vow unspoken",Blood oath,"Not on speaking terms, now you could pick up the phone",1
Brotherly Hate,EGO,"Not on speaking terms, now you could pick up the phone",", baby, took a vow unspoken",Or could pull up to his house,1
Brotherly Hate,EGO,Or could pull up to his house,"Not on speaking terms, now you could pick up the phone",You can find out you're alone if you keep fucking around,1
Brotherly Hate,EGO,You can find out you're alone if you keep fucking around,Or could pull up to his house,"You say that that's your brother, you'll always come around",1
Brotherly Hate,EGO,"You say that that's your brother, you'll always come around",You can find out you're alone if you keep fucking around,You'll always have each other,1
Brotherly Hate,EGO,You'll always have each other,"You say that that's your brother, you'll always come around",Not if you never pick up where you left off,1
Brotherly Hate,EGO,Not if you never pick up where you left off,You'll always have each other,"I love him like a brother, I love him like I'm dumb, let's",1
Brotherly Hate,EGO,"I love him like a brother, I love him like I'm dumb, let's",Not if you never pick up where you left off,"Pull your shit together, motherfucker, sick of missing ya",1
Brotherly Hate,EGO,"Pull your shit together, motherfucker, sick of missing ya","I love him like a brother, I love him like I'm dumb, let's",Uh-uh-ah,1
Brotherly Hate,EGO,Uh-uh-ah,"Pull your shit together, motherfucker, sick of missing ya","Brotherly love, brotherly hate",1
Brotherly Hate,EGO,"Brotherly love, brotherly hate",Uh-uh-ah,Don't it sometimes feel like the same thing?,1
Brotherly Hate,EGO,"Ah, ah-ah-ah-ah, ah, ah",Furious roots just won't give way,Nick your hand,1
Brotherly Hate,EGO,Nick your hand,"Ah, ah-ah-ah-ah, ah, ah",Or spit into it,1
Brotherly Hate,EGO,That's how you do it,Shake hands,Nick your hand,1
Brotherly Hate,EGO,Nick your hand,That's how you do it,Or spit into it,1
Brotherly Hate,EGO,That's how you do it,Shake hands,(That's how you do it),1
Brotherly Hate,EGO,(That's how you do it),That's how you do it,Uh-uh,1
Brotherly Hate,EGO,Uh-uh,(That's how you do it),,1
Zissou,EGO,I keep telling you the water's fine,,You show up in a scuba suit,1
Zissou,EGO,You show up in a scuba suit,I keep telling you the water's fine,So come out to the deeper side,1
Zissou,EGO,So come out to the deeper side,You show up in a scuba suit,We could be like team Zissou,1
Zissou,EGO,We could be like team Zissou,So come out to the deeper side,"I don't mind (Mind, mind, mind)",1
Zissou,EGO,"I don't mind (Mind, mind, mind)",We could be like team Zissou,Wasting my time,1
Zissou,EGO,Wasting my time,"I don't mind (Mind, mind, mind)","In my mind (Mind, mind, mind)",3
Zissou,EGO,"In my mind (Mind, mind, mind)",Wasting my time,You're always mine,3
Zissou,EGO,You're always mine,"In my mind (Mind, mind, mind)",I don't mind (Mind),3
Zissou,EGO,I don't mind (Mind),You're always mine,Wasting my time,3
Zissou,EGO,Wasting my time,I don't mind (Mind),In my mind (Mind),3
Zissou,EGO,In my mind (Mind),Wasting my time,You're always mine,3
Zissou,EGO,You're always mine,In my mind (Mind),Keep telling you the water's fine,1
Zissou,EGO,Keep telling you the water's fine,You're always mine,Megan called it monster soup,1
Zissou,EGO,Megan called it monster soup,Keep telling you the water's fine,But the monsters are you and I,1
Zissou,EGO,But the monsters are you and I,Megan called it monster soup,We don't have anything to lose,1
Zissou,EGO,We don't have anything to lose,But the monsters are you and I,"I don't mind (Mind, mind, mind)",1
Zissou,EGO,"I don't mind (Mind, mind, mind)",We don't have anything to lose,Wasting my time,1
Zissou,EGO,You're always mine,In my mind (Mind),"Mine, mine, mine, mine, mine (Mine)",1
Zissou,EGO,"Mine, mine, mine, mine, mine (Mine)",You're always mine,"Mine, mine, mine, mine, mine (Mine)",1
Zissou,EGO,"Mine, mine, mine, mine, mine (Mine)","Mine, mine, mine, mine, mine (Mine)","Mine, mine, mine, mine, mine (Mine)",2
Zissou,EGO,"Mine, mine, mine, mine, mine (Mine)","Mine, mine, mine, mine, mine (Mine)","Think I need a swelling drive (Mine, mine, mine, mine, mine, mine) (Vem cá, me dá sua língua)",1
Zissou,EGO,"Think I need a swelling drive (Mine, mine, mine, mine, mine, mine) (Vem cá, me dá sua língua)","Mine, mine, mine, mine, mine (Mine)","Think I need a swelling drive (Mine, mine, mine, mine, mine, mine) (Vem cá, me dá sua língua)",1
Zissou,EGO,"Think I need a swelling drive (Mine, mine, mine, mine, mine, mine) (Vem cá, me dá sua língua)","Think I need a swelling drive (Mine, mine, mine, mine, mine, mine) (Vem cá, me dá sua língua)","I don't mind (Mind, mind, mind)",1
Zissou,EGO,"I don't mind (Mind, mind, mind)","Think I need a swelling drive (Mine, mine, mine, mine, mine, mine) (Vem cá, me dá sua língua)",Wasting my time,1
Zissou,EGO,You're always mine,In my mind (Mind),,1
Dream Girl In Shibuya,EGO,Every now and then in a far off land,,"Familiar but foreign, a liminal feeling",1
Dream Girl In Shibuya,EGO,"Familiar but foreign, a liminal feeling",Every now and then in a far off land,I know you know me now like the back of your hand,1
Dream Girl In Shibuya,EGO,I know you know me now like the back of your hand,"Familiar but foreign, a liminal feeling",But can I still get your heart reeling?,1
Dream Girl In Shibuya,EGO,But can I still get your heart reeling?,I know you know me now like the back of your hand,Should've stayed a mystery,1
Dream Girl In Shibuya,EGO,Should've stayed a mystery,But can I still get your heart reeling?,Sipping on Japanese whiskey,1
Dream Girl In Shibuya,EGO,Sipping on Japanese whiskey,Should've stayed a mystery,In the lobby bar (Ah-ah-ah),1
Dream Girl In Shibuya,EGO,In the lobby bar (Ah-ah-ah),Sipping on Japanese whiskey,I could say I gotta leave,1
Dream Girl In Shibuya,EGO,I could say I gotta leave,In the lobby bar (Ah-ah-ah),But let's not let that come between us,1
Dream Girl In Shibuya,EGO,But let's not let that come between us,I could say I gotta leave,Would it make you want me more?,1
Dream Girl In Shibuya,EGO,Would it make you want me more?,But let's not let that come between us,I wait for you (In seven-two-three-oh),1
Dream Girl In Shibuya,EGO,I wait for you (In seven-two-three-oh),Would it make you want me more?,In the hotel room (I can still be your),1
Dream Girl In Shibuya,EGO,In the hotel room (I can still be your),I wait for you (In seven-two-three-oh),Dream girl come true,1
Dream Girl In Shibuya,EGO,Dream girl come true,In the hotel room (I can still be your),(Come on in),1
Dream Girl In Shibuya,EGO,(Come on in),Dream girl come true,In Shibuya,1
Dream Girl In Shibuya,EGO,In Shibuya,(Come on in),Just my silhouette pressed against this view,1
Dream Girl In Shibuya,EGO,Just my silhouette pressed against this view,In Shibuya,I wonder do you miss when having me felt brand new?,1
Dream Girl In Shibuya,EGO,I wonder do you miss when having me felt brand new?,Just my silhouette pressed against this view,"An elevator ride, slowest of your life",1
Dream Girl In Shibuya,EGO,"An elevator ride, slowest of your life",I wonder do you miss when having me felt brand new?,Can you feel how your heart's beating?,1
Dream Girl In Shibuya,EGO,Can you feel how your heart's beating?,"An elevator ride, slowest of your life",Hate that you've already seen,1
Dream Girl In Shibuya,EGO,Hate that you've already seen,Can you feel how your heart's beating?,Every bad side of me,1
Dream Girl In Shibuya,EGO,Every bad side of me,Hate that you've already seen,Under fluorescent lights (Ah-ah-ah),1
Dream Girl In Shibuya,EGO,Under fluorescent lights (Ah-ah-ah),Every bad side of me,But I went to Takeshita Street,1
Dream Girl In Shibuya,EGO,But I went to Takeshita Street,Under fluorescent lights (Ah-ah-ah),Came back more kawaii,1
Dream Girl In Shibuya,EGO,Came back more kawaii,But I went to Takeshita Street,We could pretend it's our first time,1
Dream Girl In Shibuya,EGO,We could pretend it's our first time,Came back more kawaii,I wait for you (In seven-two-three-oh),1
Dream Girl In Shibuya,EGO,I wait for you (In seven-two-three-oh),We could pretend it's our first time,In the hotel room (I can still be your),1
Dream Girl In Shibuya,EGO,In the hotel room (I can still be your),I wait for you (In seven-two-three-oh),Dream girl come true (Come on in),2
Dream Girl In Shibuya,EGO,Dream girl come true (Come on in),In the hotel room (I can still be your),In Shibuya,2
Dream Girl In Shibuya,EGO,In Shibuya,Dream girl come true (Come on in),Get to the seventh floor,1
Dream Girl In Shibuya,EGO,Get to the seventh floor,In Shibuya,Get underneath me,1
Dream Girl In Shibuya,EGO,Get underneath me,Get to the seventh floor,I'm always waiting for a,1
Dream Girl In Shibuya,EGO,I'm always waiting for a,Get underneath me,"Knock on my door, baby",1
Dream Girl In Shibuya,EGO,"Knock on my door, baby",I'm always waiting for a,Now hold me closer,1
Dream Girl In Shibuya,EGO,Now hold me closer,"Knock on my door, baby",Watching an anime,1
Dream Girl In Shibuya,EGO,Watching an anime,Now hold me closer,Can always come here,1
Dream Girl In Shibuya,EGO,Can always come here,Watching an anime,Could always just stay,1
Dream Girl In Shibuya,EGO,Could always just stay,Can always come here,I wait for you (In seven-two-three-oh),1
Dream Girl In Shibuya,EGO,I wait for you (In seven-two-three-oh),Could always just stay,In the hotel room (I can still be your),1
Dream Girl In Shibuya,EGO,In Shibuya,Dream girl come true (Come on in),I wait for you (In seven-two-three-oh),1
Dream Girl In Shibuya,EGO,I wait for you (In seven-two-three-oh),In Shibuya,(I wait for you),1
Dream Girl In Shibuya,EGO,(I wait for you),I wait for you (In seven-two-three-oh),In the hotel room (I can still be your),1
Dream Girl In Shibuya,EGO,In the hotel room (I can still be your),(I wait for you),(I can feel it),1
Dream Girl In Shibuya,EGO,(I can feel it),In the hotel room (I can still be your),Dream girl come true (Come on into),1
Dream Girl In Shibuya,EGO,Dream girl come true (Come on into),(I can feel it),In Shibuya,1
Dream Girl In Shibuya,EGO,In Shibuya,Dream girl come true (Come on into),,1
Discovery Channel,EGO,"Barbaric bliss, teeth gnash",,when we kiss,1
Discovery Channel,EGO,when we kiss,"Barbaric bliss, teeth gnash","No wound to lick, 'cause the hurt is hidden",1
Discovery Channel,EGO,"No wound to lick, 'cause the hurt is hidden",when we kiss,Don't you miss when I used to smile?,1
Discovery Channel,EGO,Don't you miss when I used to smile?,"No wound to lick, 'cause the hurt is hidden","Blood on my lips, you start to cry",1
Discovery Channel,EGO,"Blood on my lips, you start to cry",Don't you miss when I used to smile?,"Barbaric bliss, the hurt is hidden",1
Discovery Channel,EGO,"Barbaric bliss, the hurt is hidden","Blood on my lips, you start to cry","You and me, baby, ain't nothing but mammals",1
Discovery Channel,EGO,"You and me, baby, ain't nothing but mammals","Barbaric bliss, the hurt is hidden",So let's do it like they do on the Discovery Channel,1
Discovery Channel,EGO,So let's do it like they do on the Discovery Channel,"You and me, baby, ain't nothing but mammals","You and me, baby, ain't nothing but mammals",3
Discovery Channel,EGO,"You and me, baby, ain't nothing but mammals",So let's do it like they do on the Discovery Channel,So let's do it like they do on the Discovery Channel,3
Discovery Channel,EGO,So let's do it like they do on the Discovery Channel,"You and me, baby, ain't nothing but mammals",Twenty something years ago we started,1
Discovery Channel,EGO,Twenty something years ago we started,So let's do it like they do on the Discovery Channel,Playing a little game and now we're all,1
Discovery Channel,EGO,Playing a little game and now we're all,Twenty something years ago we started,"Gonna sit down and we're gonna finish it, and guess what?",1
Discovery Channel,EGO,"Gonna sit down and we're gonna finish it, and guess what?",Playing a little game and now we're all,"Your turn,",1
Discovery Channel,EGO,"Your turn,","Gonna sit down and we're gonna finish it, and guess what?",the hurt is hidden,1
Discovery Channel,EGO,the hurt is hidden,"Your turn,","You and me, baby, ain't nothing but mammals",1
Discovery Channel,EGO,"You and me, baby, ain't nothing but mammals",the hurt is hidden,So let's do it like they do on the Discovery Channel,1
Discovery Channel,EGO,So let's do it like they do on the Discovery Channel,"You and me, baby, ain't nothing but mammals","I can't heal, you keep ripping me open",1
Discovery Channel,EGO,"I can't heal, you keep ripping me open",So let's do it like they do on the Discovery Channel,"I can't feel, you keep ripping me open",1
Discovery Channel,EGO,"I can't feel, you keep ripping me open","I can't heal, you keep ripping me open","You said we shouldn't even be here (I can't heal, you keep ripping me open)",1
Discovery Channel,EGO,"You said we shouldn't even be here (I can't heal, you keep ripping me open)","I can't feel, you keep ripping me open",Unless we know we're gonna make it,1
Discovery Channel,EGO,Unless we know we're gonna make it,"You said we shouldn't even be here (I can't heal, you keep ripping me open)","You said we shouldn't even be here (I can't feel, you keep ripping me open)",1
Discovery Channel,EGO,"You said we shouldn't even be here (I can't feel, you keep ripping me open)",Unless we know we're gonna make it,Unless we know we're gonna make it,1
Discovery Channel,EGO,Unless we know we're gonna make it,"You said we shouldn't even be here (I can't feel, you keep ripping me open)","You and me, baby, ain't nothing but mammals",1
Discovery Channel,EGO,"You and me, baby, ain't nothing but mammals",Unless we know we're gonna make it,So let's do it like they do on the Discovery Channel,1
Discovery Channel,EGO,So let's do it like they do on the Discovery Channel,"You and me, baby, ain't nothing but mammals","You and me, baby, ain't nothing but mammals (I can't heal, you keep ripping me open)",1
Discovery Channel,EGO,"You and me, baby, ain't nothing but mammals (I can't heal, you keep ripping me open)",So let's do it like they do on the Discovery Channel,So let's do it like they do on the Discovery Channel,1
Discovery Channel,EGO,So let's do it like they do on the Discovery Channel,"You and me, baby, ain't nothing but mammals (I can't heal, you keep ripping me open)","You and me, baby, ain't nothing but mammals (I can't feel, you keep ripping me open)",1
Discovery Channel,EGO,"You and me, baby, ain't nothing but mammals (I can't feel, you keep ripping me open)",So let's do it like they do on the Discovery Channel,So let's do it like they do on the Discovery Channel,1
Discovery Channel,EGO,So let's do it like they do on the Discovery Channel,"You and me, baby, ain't nothing but mammals (I can't feel, you keep ripping me open)",,1
Love Me Different,EGO,"I save my very best for you, mm-mm",,Friends to lovers trope came true,1
Love Me Different,EGO,Friends to lovers trope came true,"I save my very best for you, mm-mm",You said that I deserve someone who knows what I am worth,1
Love Me Different,EGO,You said that I deserve someone who knows what I am worth,Friends to lovers trope came true,Now I wonder what am I worth to you?,1
Love Me Different,EGO,Now I wonder what am I worth to you?,You said that I deserve someone who knows what I am worth,And I know that you're probably telling yourself that no one's gonna love me like you did,1
Love Me Different,EGO,And I know that you're probably telling yourself that no one's gonna love me like you did,Now I wonder what am I worth to you?,"And I know that you're probably right about that, but someone's gonna love me different",1
Love Me Different,EGO,"And I know that you're probably right about that, but someone's gonna love me different",And I know that you're probably telling yourself that no one's gonna love me like you did,And I know that you're probably telling yourself that no one's gonna love me like you did,3
Love Me Different,EGO,And I know that you're probably telling yourself that no one's gonna love me like you did,"And I know that you're probably right about that, but someone's gonna love me different","And I know that you're probably right about that, but someone's gonna love me different",3
Love Me Different,EGO,"And I know that you're probably right about that, but someone's gonna love me different",And I know that you're probably telling yourself that no one's gonna love me like you did,And I want someone to love me different,3
Love Me Different,EGO,And I want someone to love me different,"And I know that you're probably right about that, but someone's gonna love me different",Huh,1
Love Me Different,EGO,Huh,And I want someone to love me different,"Your eyes tells me I'll be fine, mm-mm",1
Love Me Different,EGO,"Your eyes tells me I'll be fine, mm-mm",Huh,Like there's something better for me down the line,1
Love Me Different,EGO,Like there's something better for me down the line,"Your eyes tells me I'll be fine, mm-mm",But nothing could compare to the potential greatest love of all time,1
Love Me Different,EGO,But nothing could compare to the potential greatest love of all time,Like there's something better for me down the line,The pleasure and the agony's all mine,1
Love Me Different,EGO,The pleasure and the agony's all mine,But nothing could compare to the potential greatest love of all time,And I know that you're probably telling yourself that no one's gonna love me like you did,1
Love Me Different,EGO,And I know that you're probably telling yourself that no one's gonna love me like you did,The pleasure and the agony's all mine,"And I know that you're probably right about that, but someone's gonna love me different",1
Love Me Different,EGO,And I want someone to love me different,"And I know that you're probably right about that, but someone's gonna love me different","I want, I want, I want",2
Love Me Different,EGO,"I want, I want, I want",And I want someone to love me different,And I want someone to love me different,2
Love Me Different,EGO,And I want someone to love me different,"I want, I want, I want",Endless hours of therapy,1
Love Me Different,EGO,Endless hours of therapy,And I want someone to love me different,"Two prescriptions, longer routines",1
Love Me Different,EGO,"Two prescriptions, longer routines",Endless hours of therapy,Guess I'm the one who's gotta love me differently,1
Love Me Different,EGO,Guess I'm the one who's gotta love me differently,"Two prescriptions, longer routines","Endless scrolling, up 'til three",1
Love Me Different,EGO,"Endless scrolling, up 'til three",Guess I'm the one who's gotta love me differently,Alex Reads Tarot,1
Love Me Different,EGO,Alex Reads Tarot,"Endless scrolling, up 'til three",reads the shit out of me,1
Love Me Different,EGO,reads the shit out of me,Alex Reads Tarot,Now I'm the one who's gotta love me differently,1
Love Me Different,EGO,Now I'm the one who's gotta love me differently,reads the shit out of me,"I want, I want, I want, I",1
Love Me Different,EGO,"I want, I want, I want, I",Now I'm the one who's gotta love me differently,"I want, I want, I want, I",1
Love Me Different,EGO,"I want, I want, I want, I","I want, I want, I want, I",And I know that you're probably telling yourself that no one's gonna love me like you did,1
Love Me Different,EGO,And I know that you're probably telling yourself that no one's gonna love me like you did,"I want, I want, I want, I","And I know that you're probably right about that, but someone's gonna love me different",1
Love Me Different,EGO,And I want someone to love me different,"I want, I want, I want",,1
hard,EGO,"The way you held my face, I swear I softened",,For the very first time in my life,1
hard,EGO,For the very first time in my life,"The way you held my face, I swear I softened",Fist unclenched and my guard started dropping,1
hard,EGO,Fist unclenched and my guard started dropping,For the very first time in my life,We kissed quick before you pulled me inside,1
hard,EGO,We kissed quick before you pulled me inside,Fist unclenched and my guard started dropping,"The next morning, I looked in the mirror",1
hard,EGO,"The next morning, I looked in the mirror",We kissed quick before you pulled me inside,Saw a woman I had never met,1
hard,EGO,Saw a woman I had never met,"The next morning, I looked in the mirror","She looked hopeful, even sorta pitiful",1
hard,EGO,"She looked hopeful, even sorta pitiful",Saw a woman I had never met,Like she forgot nothing is a given,1
hard,EGO,Like she forgot nothing is a given,"She looked hopeful, even sorta pitiful",Nothing is a given,1
hard,EGO,Nothing is a given,Like she forgot nothing is a given,"So hit me, I can't get soft",1
hard,EGO,"So hit me, I can't get soft",Nothing is a given,'Cause I'm too hard,1
hard,EGO,'Cause I'm too hard,"So hit me, I can't get soft",And my ribs are metal cages,1
hard,EGO,And my ribs are metal cages,'Cause I'm too hard,To guard my heart,1
hard,EGO,To guard my heart,And my ribs are metal cages,"I'm too, I'm too hard",1
hard,EGO,"I'm too, I'm too hard",To guard my heart,"I'm too, I'm too hard",1
hard,EGO,"I'm too, I'm too hard","I'm too, I'm too hard","I'm too, I'm too hard",6
hard,EGO,"I'm too, I'm too hard","I'm too, I'm too hard",I got married once in combat boots,1
hard,EGO,I got married once in combat boots,"I'm too, I'm too hard",and,1
hard,EGO,and,I got married once in combat boots,Only listened to testosterone music,1
hard,EGO,Only listened to testosterone music,and,I had to my kill my feminine just to do it,1
hard,EGO,I had to my kill my feminine just to do it,Only listened to testosterone music,"To get to you, I had to go through it",1
hard,EGO,"To get to you, I had to go through it",I had to my kill my feminine just to do it,"So hit me, I can't get soft",1
hard,EGO,"So hit me, I can't get soft","To get to you, I had to go through it",'Cause I'm too hard (Hard),1
hard,EGO,'Cause I'm too hard (Hard),"So hit me, I can't get soft",And my ribs are metal cages,2
hard,EGO,And my ribs are metal cages,'Cause I'm too hard (Hard),To guard my heart (Heart),2
hard,EGO,To guard my heart (Heart),And my ribs are metal cages,"I'm too, I'm too hard",2
hard,EGO,"I'm too, I'm too hard",To guard my heart (Heart),I was ridin' for a little bit too far,1
hard,EGO,I was ridin' for a little bit too far,"I'm too, I'm too hard",I was ready to be left out in the cold,1
hard,EGO,I was ready to be left out in the cold,I was ridin' for a little bit too far,"Always hidin', never seeked to be alone",1
hard,EGO,"Always hidin', never seeked to be alone",I was ready to be left out in the cold,"Oh, it's the devil I know",1
hard,EGO,"Oh, it's the devil I know","Always hidin', never seeked to be alone","So hit me, I can't get soft",1
hard,EGO,"So hit me, I can't get soft","Oh, it's the devil I know",'Cause I'm too hard (Hard),1
hard,EGO,"I'm too, I'm too hard",To guard my heart (Heart),"I'm too, I'm too hard",1
hard,EGO,"I'm too, I'm too hard","I'm too, I'm too hard",,1
WHIM,EGO,"Baby, take it easy",,We're startin' somethin' new,1
WHIM,EGO,We're startin' somethin' new,"Baby, take it easy",Listen how the heart beats,1
WHIM,EGO,Listen how the heart beats,We're startin' somethin' new,It always tells the truth,1
WHIM,EGO,It always tells the truth,Listen how the heart beats,"Baby, take it easy",1
WHIM,EGO,"Baby, take it easy",It always tells the truth,When following a whim,1
WHIM,EGO,When following a whim,"Baby, take it easy",And listen how the heart beats,1
WHIM,EGO,And listen how the heart beats,When following a whim,Lying next to him,1
WHIM,EGO,Lying next to him,And listen how the heart beats,(Ah-ah-ah),1
WHIM,EGO,(Ah-ah-ah),Lying next to him,"Bare feet on the concrete, freckles on your knees",1
WHIM,EGO,"Bare feet on the concrete, freckles on your knees",(Ah-ah-ah),"Searchin' for a bloodstain, bandages are clean",1
WHIM,EGO,"Searchin' for a bloodstain, bandages are clean","Bare feet on the concrete, freckles on your knees","Baby, take it easy following a whim",1
WHIM,EGO,"Baby, take it easy following a whim","Searchin' for a bloodstain, bandages are clean",Listen how the heart beats lying next to him,1
WHIM,EGO,Listen how the heart beats lying next to him,"Baby, take it easy following a whim",I want to be in love,1
WHIM,EGO,I want to be in love,Listen how the heart beats lying next to him,To believe in us instead of sabotage,1
WHIM,EGO,To believe in us instead of sabotage,I want to be in love,I want to be in love,4
WHIM,EGO,I want to be in love,To believe in us instead of sabotage,To believe in us instead of sabotage,3
WHIM,EGO,To believe in us instead of sabotage,I want to be in love,"Baby, take it easy (Ah-ah, ah, ah, ah, ah-ah, ah, ah, ah)",1
WHIM,EGO,"Baby, take it easy (Ah-ah, ah, ah, ah, ah-ah, ah, ah, ah)",To believe in us instead of sabotage,"You're always on the move (Ah-ah, ah, ah, ah, ah-ah, ah, ah, ah)",1
WHIM,EGO,"You're always on the move (Ah-ah, ah, ah, ah, ah-ah, ah, ah, ah)","Baby, take it easy (Ah-ah, ah, ah, ah, ah-ah, ah, ah, ah)","Somethin' in the stillness (Ah-ah, ah, ah, ah, ah-ah, ah, ah, ah)",1
WHIM,EGO,"Somethin' in the stillness (Ah-ah, ah, ah, ah, ah-ah, ah, ah, ah)","You're always on the move (Ah-ah, ah, ah, ah, ah-ah, ah, ah, ah)","Gets you to the truth (Ah-ah, ah, ah, ah, ah-ah, ah, ah, ah)",1
WHIM,EGO,"Gets you to the truth (Ah-ah, ah, ah, ah, ah-ah, ah, ah, ah)","Somethin' in the stillness (Ah-ah, ah, ah, ah, ah-ah, ah, ah, ah)","And I know you took a beatin' (Ah-ah, ah, ah, ah, ah-ah, ah, ah, ah)",1
WHIM,EGO,"And I know you took a beatin' (Ah-ah, ah, ah, ah, ah-ah, ah, ah, ah)","Gets you to the truth (Ah-ah, ah, ah, ah, ah-ah, ah, ah, ah)","I know it's all a risk (Ah-ah, ah, ah, ah, ah-ah, ah, ah, ah)",1
WHIM,EGO,"I know it's all a risk (Ah-ah, ah, ah, ah, ah-ah, ah, ah, ah)","And I know you took a beatin' (Ah-ah, ah, ah, ah, ah-ah, ah, ah, ah)","But listen how the heart beats (Ah-ah, ah, ah, ah, ah-ah, ah, ah, ah)",1
WHIM,EGO,"But listen how the heart beats (Ah-ah, ah, ah, ah, ah-ah, ah, ah, ah)","I know it's all a risk (Ah-ah, ah, ah, ah, ah-ah, ah, ah, ah)","Lying next to him (Ah-ah, ah, ah, ah, ah-ah, ah, ah, ah)",1
WHIM,EGO,"Lying next to him (Ah-ah, ah, ah, ah, ah-ah, ah, ah, ah)","But listen how the heart beats (Ah-ah, ah, ah, ah, ah-ah, ah, ah, ah)","(Ah-ah-ah, woo)",1
WHIM,EGO,"(Ah-ah-ah, woo)","Lying next to him (Ah-ah, ah, ah, ah, ah-ah, ah, ah, ah)","Sunshine through the curtain, music in my head",1
WHIM,EGO,"Sunshine through the curtain, music in my head","(Ah-ah-ah, woo)",Still be singing to you long after we're dead,1
WHIM,EGO,Still be singing to you long after we're dead,"Sunshine through the curtain, music in my head",I want to be in love,1
WHIM,EGO,I want to be in love,Still be singing to you long after we're dead,To believe in us instead of sabotage,1
WHIM,EGO,To believe in us instead of sabotage,I want to be in love,(Ah-ah),1
WHIM,EGO,(Ah-ah),To believe in us instead of sabotage,"(Ah-ah, ah, ah, ah)",1
WHIM,EGO,"(Ah-ah, ah, ah, ah)",(Ah-ah),I want to believe in love,1
WHIM,EGO,I want to believe in love,"(Ah-ah, ah, ah, ah)",I want to believe in us,1
WHIM,EGO,I want to believe in us,I want to believe in love,I want to believe in love,1
WHIM,EGO,I want to believe in love,I want to believe in us,I want to believe in us,1
WHIM,EGO,I want to believe in us,I want to believe in love,I want to be in love,1
WHIM,EGO,I want to be in love,I want to believe in us,To believe in us instead of sabotage,1
WHIM,EGO,I want to be in love,To believe in us instead of sabotage,"(Bare feet on the concrete, freckles on your knees)",1
WHIM,EGO,"(Bare feet on the concrete, freckles on your knees)",I want to be in love,To believe in us instead of sabotage,1
WHIM,EGO,To believe in us instead of sabotage,"(Bare feet on the concrete, freckles on your knees)","(Searchin' for a bloodstain, bandages are clean)",1
WHIM,EGO,"(Searchin' for a bloodstain, bandages are clean)",To believe in us instead of sabotage,I want to be in love,1
WHIM,EGO,I want to be in love,"(Searchin' for a bloodstain, bandages are clean)","(Sunshine through the curtain, music in my head)",1
WHIM,EGO,"(Sunshine through the curtain, music in my head)",I want to be in love,To believe in us instead of sabotage,1
WHIM,EGO,To believe in us instead of sabotage,"(Sunshine through the curtain, music in my head)",(Still be singing to you long after we're dead),1
WHIM,EGO,(Still be singing to you long after we're dead),To believe in us instead of sabotage,,1
glum,EGO,In the wake of your sunshine,,I've never felt so glum,1
glum,EGO,I've never felt so glum,In the wake of your sunshine,Think I'm made up of moonlight,1
glum,EGO,Think I'm made up of moonlight,I've never felt so glum,"Don't reach quite as far, but I still show up",1
glum,EGO,"Don't reach quite as far, but I still show up",Think I'm made up of moonlight,Stick around for someone (Someone),1
glum,EGO,Stick around for someone (Someone),"Don't reach quite as far, but I still show up","Stick around 'til dawn, I wonder",1
glum,EGO,"Stick around 'til dawn, I wonder",Stick around for someone (Someone),Do you ever feel so alone,1
glum,EGO,Do you ever feel so alone,"Stick around 'til dawn, I wonder",That you could implode and no one would know?,1
glum,EGO,That you could implode and no one would know?,Do you ever feel so alone,And when you look around and nobody's home,2
glum,EGO,And when you look around and nobody's home,That you could implode and no one would know?,But you wanna go back to wherever we're from,2
glum,EGO,But you wanna go back to wherever we're from,And when you look around and nobody's home,To wherever we're from,1
glum,EGO,To wherever we're from,But you wanna go back to wherever we're from,Spaced out at a stoplight,1
glum,EGO,Spaced out at a stoplight,To wherever we're from,Who's laying on their horn?,1
glum,EGO,Who's laying on their horn?,Spaced out at a stoplight,'Cause it's in tune with this song,1
glum,EGO,'Cause it's in tune with this song,Who's laying on their horn?,"Wanna put it in park, listen all day long",1
glum,EGO,"Wanna put it in park, listen all day long",'Cause it's in tune with this song,"Hey man, roll down your window (Window, window)",1
glum,EGO,"Hey man, roll down your window (Window, window)","Wanna put it in park, listen all day long","Light's already yellow, I wonder",1
glum,EGO,"Light's already yellow, I wonder","Hey man, roll down your window (Window, window)",Do you ever feel so alone,1
glum,EGO,Do you ever feel so alone,"Light's already yellow, I wonder",That you could implode and no one would know?,1
glum,EGO,But you wanna go back to wherever we're from,And when you look around and nobody's home,Wherever we're from,1
glum,EGO,Wherever we're from,But you wanna go back to wherever we're from,On my way to thirty-seven years,1
glum,EGO,On my way to thirty-seven years,Wherever we're from,I do not know if I'll ever know,1
glum,EGO,I do not know if I'll ever know,On my way to thirty-seven years,What in the living fuck I'm doing here,1
glum,EGO,What in the living fuck I'm doing here,I do not know if I'll ever know,Does anyone know if this is normal?,1
glum,EGO,Does anyone know if this is normal?,What in the living fuck I'm doing here,"I wonder, I wonder",1
glum,EGO,"I wonder, I wonder",Does anyone know if this is normal?,Do you ever feel so alone (Feel),1
glum,EGO,Do you ever feel so alone (Feel),"I wonder, I wonder",That you could implode and no one would know? (No one would know),1
glum,EGO,That you could implode and no one would know? (No one would know),Do you ever feel so alone (Feel),And when you look around and nobody's home (Nobody's home),1
glum,EGO,And when you look around and nobody's home (Nobody's home),That you could implode and no one would know? (No one would know),But you wanna go back to wherever we're from,1
glum,EGO,But you wanna go back to wherever we're from,And when you look around and nobody's home (Nobody's home),Wherever we're from,1
glum,EGO,Wherever we're from,But you wanna go back to wherever we're from,In the wake of your sunshine,1
glum,EGO,In the wake of your sunshine,Wherever we're from,I've never felt so glum,1
glum,EGO,I've never felt so glum,In the wake of your sunshine,,1
Disappearing Man,EGO,"Yeah, we made it, disappearing man",,"Yeah, we made it, disappearing man",1
Disappearing Man,EGO,"Yeah, we made it, disappearing man","Yeah, we made it, disappearing man","Yeah, we made it, disappearing man",5
Disappearing Man,EGO,"Yeah, we made it, disappearing man","Yeah, we made it, disappearing man",Now I understand how you feel abandoned,1
Disappearing Man,EGO,Now I understand how you feel abandoned,"Yeah, we made it, disappearing man",At a depth you would never share with me,1
Disappearing Man,EGO,At a depth you would never share with me,Now I understand how you feel abandoned,And I tried to make it to the bottom,1
Disappearing Man,EGO,And I tried to make it to the bottom,At a depth you would never share with me,"Suck out all the poison, but in the end",1
Disappearing Man,EGO,"Suck out all the poison, but in the end",And I tried to make it to the bottom,I have no choice but to surface and surrender,1
Disappearing Man,EGO,I have no choice but to surface and surrender,"Suck out all the poison, but in the end",Disappearing man,1
Disappearing Man,EGO,Disappearing man,I have no choice but to surface and surrender,You could really have anyone,1
Disappearing Man,EGO,You could really have anyone,Disappearing man,And you had me,3
Disappearing Man,EGO,And you had me,You could really have anyone,Why'd you let go? (Why'd you let go?),3
Disappearing Man,EGO,Why'd you let go? (Why'd you let go?),And you had me,You could really have anyone,3
Disappearing Man,EGO,You could really have anyone,Why'd you let go? (Why'd you let go?),"Except for me, I suppose",1
Disappearing Man,EGO,"Except for me, I suppose",You could really have anyone,"Just like I said, had to come up for air",1
Disappearing Man,EGO,"Just like I said, had to come up for air","Except for me, I suppose",'Cause I know better than to hold my breath for too long,1
Disappearing Man,EGO,'Cause I know better than to hold my breath for too long,"Just like I said, had to come up for air","Now, love, you're not the only one who's lonely",1
Disappearing Man,EGO,"Now, love, you're not the only one who's lonely",'Cause I know better than to hold my breath for too long,My final act of love was surrender,1
Disappearing Man,EGO,My final act of love was surrender,"Now, love, you're not the only one who's lonely","Oh, surrender",1
Disappearing Man,EGO,"Oh, surrender",My final act of love was surrender,Disappearing man,1
Disappearing Man,EGO,Disappearing man,"Oh, surrender",You could really have anyone,1
Disappearing Man,EGO,You could really have anyone,Why'd you let go? (Why'd you let go?),"Except for me, I suppose (so it goes)",1
Disappearing Man,EGO,"Except for me, I suppose (so it goes)",You could really have anyone,"Yeah, we made it, disappearing man",1
Disappearing Man,EGO,"Yeah, we made it, disappearing man","Except for me, I suppose (so it goes)","Yeah, we made it, disappearing man",1
Disappearing Man,EGO,"Yeah, we made it, disappearing man","Yeah, we made it, disappearing man",Won't you just surrender?,2
Disappearing Man,EGO,Won't you just surrender?,"Yeah, we made it, disappearing man","Yeah, we made it, disappearing man",1
Disappearing Man,EGO,"Yeah, we made it, disappearing man",Won't you just surrender?,"Yeah, we made it, disappearing man",1
Disappearing Man,EGO,Won't you just surrender?,"Yeah, we made it, disappearing man",Disappearing man,1
Disappearing Man,EGO,Disappearing man,Won't you just surrender?,You could really have anyone,1
Disappearing Man,EGO,You could really have anyone,Why'd you let go? (Why'd you let go?),"Except for me, I suppose (So it goes)",1
Disappearing Man,EGO,"Except for me, I suppose (So it goes)",You could really have anyone,"Disappearing man, that's spinning there with wild hair",1
Disappearing Man,EGO,"Disappearing man, that's spinning there with wild hair","Except for me, I suppose (So it goes)",And a stare that could melt stone,1
Disappearing Man,EGO,And a stare that could melt stone,"Disappearing man, that's spinning there with wild hair",There were no conditions to my love,1
Disappearing Man,EGO,There were no conditions to my love,And a stare that could melt stone,"Yeah, it was endless 'til there was no you to hold",1
Disappearing Man,EGO,"Yeah, it was endless 'til there was no you to hold",There were no conditions to my love,Disappearing man,1
Disappearing Man,EGO,Disappearing man,"Yeah, it was endless 'til there was no you to hold",Won't you just surrender?,1
Disappearing Man,EGO,Won't you just surrender?,Disappearing man,Disappearing man,1
Disappearing Man,EGO,Disappearing man,Won't you just surrender?,Won't you just surrender,1
Disappearing Man,EGO,Won't you just surrender,Disappearing man,Disappearing man,1
Disappearing Man,EGO,Disappearing man,Won't you just surrender,,1
I Won't Quit On You,EGO,Stranded here on Mars,,What's the odds you'd get stuck here too?,1
I Won't Quit On You,EGO,What's the odds you'd get stuck here too?,Stranded here on Mars,It might be a lost cause,1
I Won't Quit On You,EGO,It might be a lost cause,What's the odds you'd get stuck here too?,Who'd have thought there'd be so much left to lose?,1
I Won't Quit On You,EGO,Who'd have thought there'd be so much left to lose?,It might be a lost cause,"Come hell or heaven, angels or devils",1
I Won't Quit On You,EGO,"Come hell or heaven, angels or devils",Who'd have thought there'd be so much left to lose?,I won't move,1
I Won't Quit On You,EGO,I won't move,"Come hell or heaven, angels or devils",And I don't care what happens after,3
I Won't Quit On You,EGO,And I don't care what happens after,I won't move,I won't quit on you,3
I Won't Quit On You,EGO,I won't quit on you,And I don't care what happens after,"Lonely astronaut, it's gonna cost",1
I Won't Quit On You,EGO,"Lonely astronaut, it's gonna cost",I won't quit on you,But you just can't beat that view,1
I Won't Quit On You,EGO,But you just can't beat that view,"Lonely astronaut, it's gonna cost","Wasted like a God, power off",1
I Won't Quit On You,EGO,"Wasted like a God, power off",But you just can't beat that view,Wake up somewhere new,1
I Won't Quit On You,EGO,Wake up somewhere new,"Wasted like a God, power off",Now I'm an alien to you,1
I Won't Quit On You,EGO,Now I'm an alien to you,Wake up somewhere new,"Come hell or heaven, angels or devils",1
I Won't Quit On You,EGO,"Come hell or heaven, angels or devils",Now I'm an alien to you,I won't move,1
I Won't Quit On You,EGO,I won't quit on you,And I don't care what happens after,"Come hell (Hell) or heaven (Heaven), angels (Angels) or devils",1
I Won't Quit On You,EGO,"Come hell (Hell) or heaven (Heaven), angels (Angels) or devils",I won't quit on you,"I won't move (I won't, I won't, I won't, I won't, I won't)",1
I Won't Quit On You,EGO,"I won't move (I won't, I won't, I won't, I won't, I won't)","Come hell (Hell) or heaven (Heaven), angels (Angels) or devils",And I don't (Don't) care (Care) what happens after,1
I Won't Quit On You,EGO,And I don't (Don't) care (Care) what happens after,"I won't move (I won't, I won't, I won't, I won't, I won't)","I won't quit on you (I won't, I won't, I won't, I won't, I won't)",1
I Won't Quit On You,EGO,"I won't quit on you (I won't, I won't, I won't, I won't, I won't)",And I don't (Don't) care (Care) what happens after,Chaos-ridden inner space,1
I Won't Quit On You,EGO,Chaos-ridden inner space,"I won't quit on you (I won't, I won't, I won't, I won't, I won't)",Turns out home is not a place,1
I Won't Quit On You,EGO,Turns out home is not a place,Chaos-ridden inner space,"When I think home, I see your face",1
I Won't Quit On You,EGO,"When I think home, I see your face",Turns out home is not a place,"Up there so long, everything changed",1
I Won't Quit On You,EGO,"Up there so long, everything changed","When I think home, I see your face",Chaos reaches outer space,1
I Won't Quit On You,EGO,Chaos reaches outer space,"Up there so long, everything changed",Turns out nowhere is a place,1
I Won't Quit On You,EGO,Turns out nowhere is a place,Chaos reaches outer space,Look down on a brilliant blaze,2
I Won't Quit On You,EGO,Look down on a brilliant blaze,Turns out nowhere is a place,"Phone, home, baby",1
I Won't Quit On You,EGO,"Phone, home, baby",Look down on a brilliant blaze,; everything changed,1
I Won't Quit On You,EGO,; everything changed,"Phone, home, baby","Come hell or heaven, angels or devils",1
I Won't Quit On You,EGO,"Come hell or heaven, angels or devils",; everything changed,I won't move,1
I Won't Quit On You,EGO,I won't quit on you,And I don't care what happens after,Chaos reaches outer space,1
I Won't Quit On You,EGO,Chaos reaches outer space,I won't quit on you,Turns out nowhere is a place,1
I Won't Quit On You,EGO,Look down on a brilliant blaze,Turns out nowhere is a place,"Phone, home, baby; everything changed",1
I Won't Quit On You,EGO,"Phone, home, baby; everything changed",Look down on a brilliant blaze,,1
